"71a424fb681fd978e627c09c7558a855","NONAME [NTFS]\\[orphan]\\clearkey.dll.sig","1449","2018-02-10 05:43:06","2018-02-06 21:47:50","2018-02-10 05:43:06","1"
"ba0538e36975267d3a56eba96352517a","NONAME [NTFS]\\[orphan]\\helper.exe","895424","2018-02-10 05:43:07","2018-02-06 21:47:49","2018-02-10 05:43:07","1"
"d73c75305aef15f50334288a377a91f7","NONAME [NTFS]\\[orphan]\\IA2Marshal.dll","70608","2018-02-10 05:43:06","2018-02-06 21:47:49","2018-02-10 05:43:06","1"
"7bbd2168345cbe27411ce221e035f16f","NONAME [NTFS]\\[orphan]\\lgpllibs.dll","51152","2018-02-10 05:43:06","2018-02-06 21:47:49","2018-02-10 05:43:06","1"
"218423d32d6e51f65fe1b7f2bc9cb685","NONAME [NTFS]\\[orphan]\\libEGL.dll","26064","2018-02-10 05:43:06","2018-02-06 21:47:49","2018-02-10 05:43:06","1"
"4fca1ed6bf2ae78219b20c8ea59535bd","NONAME [NTFS]\\[orphan]\\libGLESv2.dll","1670608","2018-02-10 05:43:06","2018-02-06 21:47:49","2018-02-10 05:43:06","1"
"2c8980aa8fad2477864defb3fde39ca4","NONAME [NTFS]\\[orphan]\\liteFirewallW.dll","9216","2018-02-10 05:43:25","2018-02-10 05:43:25","2018-02-10 05:43:25","1"
"b0ea5bb53b7ee1cdcd0d7538f5c00a88","NONAME [NTFS]\\[orphan]\\maintenanceservice.exe","174544","2018-02-10 05:43:06","2018-02-06 21:47:49","2018-02-10 05:43:06","1"
"ad41f65a0cc2229eba6542803920e458","NONAME [NTFS]\\[orphan]\\maintenanceservice_installer.exe","157096","2018-02-10 05:43:06","2018-02-06 21:47:49","2018-02-10 05:43:06","1"
"4c2f070d33d0412ffbd11e3330bdbe44","NONAME [NTFS]\\[orphan]\\manifest.json","227","2018-02-10 05:43:06","2018-02-06 21:47:49","2018-02-10 05:43:06","1"
"17c944cf1f85b6ce911a84405cec49ad","NONAME [NTFS]\\[orphan]\\minidump-analyzer.exe","528848","2018-02-10 05:43:06","2018-02-06 21:47:49","2018-02-10 05:43:06","1"
"959b91ba30d8d3a972e75228e6d602bf","NONAME [NTFS]\\[orphan]\\mozavcodec.dll","1479120","2018-02-10 05:43:06","2018-02-06 21:47:49","2018-02-10 05:43:06","1"
"7cff8b82ac69cb7501616aeeb494863b","NONAME [NTFS]\\[orphan]\\mozavutil.dll","176080","2018-02-10 05:43:06","2018-02-06 21:47:49","2018-02-10 05:43:06","1"
"9ed8255cfbebfda8bc264d0678e6eda2","NONAME [NTFS]\\[orphan]\\mozglue.dll","137680","2018-02-10 05:43:06","2018-02-06 21:47:49","2018-02-10 05:43:06","1"
"b0be4da471d864b06e900fbd63e7b7fe","NONAME [NTFS]\\[orphan]\\msvcp140.dll","440120","2018-02-10 05:43:06","2018-02-06 21:47:49","2018-02-10 05:43:06","1"
"bba5a8b94c5b23b73501d27f5607803e","NONAME [NTFS]\\[orphan]\\nss3.dll","1237456","2018-02-10 05:43:06","2018-02-06 21:47:49","2018-02-10 05:43:06","1"
"fa6e962de18e63b456600740960e8259","NONAME [NTFS]\\[orphan]\\nssckbi.dll","344016","2018-02-10 05:43:06","2018-02-06 21:47:49","2018-02-10 05:43:06","1"
"cd693cea9ca40e204556e044714b2362","NONAME [NTFS]\\[orphan]\\nssdbm3.chk","899","2018-02-10 05:43:06","2018-02-06 21:47:49","2018-02-10 05:43:06","1"
"2f2b0fa863982cf557494c18dbac0998","NONAME [NTFS]\\[orphan]\\nssdbm3.dll","92624","2018-02-10 05:43:06","2018-02-06 21:47:49","2018-02-10 05:43:06","1"
"151350be54f0f22d6848e3954b4c301d","NONAME [NTFS]\\[orphan]\\omni.ja","17372622","2018-02-10 05:43:06","2018-02-06 21:47:49","2018-02-10 05:43:06","1"
"895ed4ecc96696c09143d05ec44368d0","NONAME [NTFS]\\[orphan]\\pingsender.exe","53200","2018-02-10 05:43:07","2018-02-06 21:47:49","2018-02-10 05:43:07","1"
"c74f2006d4ae4ebdeae38c41724d32f4","NONAME [NTFS]\\[orphan]\\platform.ini","166","2018-02-10 05:43:07","2018-02-06 21:47:49","2018-02-10 05:43:07","1"
"9ba8d7d10b18da5d5e6b370284ef839b","NONAME [NTFS]\\[orphan]\\plugin-container.exe","148944","2018-02-10 05:43:07","2018-02-06 21:47:49","2018-02-10 05:43:07","1"
"c202b6b5f4fd8b4be93c2e0214cd3603","NONAME [NTFS]\\[orphan]\\plugin-container.exe.sig","1449","2018-02-10 05:43:07","2018-02-06 21:47:50","2018-02-10 05:43:07","1"
"b9cac3629b808541ece944f7456dcb1b","NONAME [NTFS]\\[orphan]\\plugin-hang-ui.exe","29136","2018-02-10 05:43:07","2018-02-06 21:47:49","2018-02-10 05:43:07","1"
"307cec037bba83668db9705a92f1e0da","NONAME [NTFS]\\[orphan]\\precomplete","4240","2018-02-10 05:43:07","2018-02-06 21:47:49","2018-02-10 05:43:07","1"
"1a3bcc07d0f11504394881d3455e5cce","NONAME [NTFS]\\[orphan]\\qipcap.dll","16336","2018-02-10 05:43:07","2018-02-06 21:47:49","2018-02-10 05:43:07","1"
"d13f5a91fce63ffae432fd9818ebcd5f","NONAME [NTFS]\\[orphan]\\setup.exe","662480","2018-02-10 05:43:09","2018-02-06 21:47:50","2018-02-10 05:43:09","1"
"3257f8338662d08c64af5adfd3c2fb17","NONAME [NTFS]\\[orphan]\\softokn3.chk","899","2018-02-10 05:43:07","2018-02-06 21:47:49","2018-02-10 05:43:07","1"
"d4324afc4b55f520e0a28f3acd65fc7b","NONAME [NTFS]\\[orphan]\\softokn3.dll","143312","2018-02-10 05:43:07","2018-02-06 21:47:49","2018-02-10 05:43:07","1"
"ba09d5a98c93f3e73e32d45e67550d34","NONAME [NTFS]\\[orphan]\\ucrtbase.dll","1142072","2018-02-10 05:43:07","2018-02-06 21:47:49","2018-02-10 05:43:07","1"
"1413131f8cfad1e19d299667bf759087","NONAME [NTFS]\\[orphan]\\update-settings.ini","132","2018-02-10 05:43:07","2018-02-06 21:47:49","2018-02-10 05:43:07","1"
"3b8961d981424f8d6033e65eb695336f","NONAME [NTFS]\\[orphan]\\updater.exe","316880","2018-02-10 05:43:07","2018-02-06 21:47:49","2018-02-10 05:43:07","1"
"b76920aab31acb13f4cc000e0fe79229","NONAME [NTFS]\\[orphan]\\updater.ini","1245","2018-02-10 05:43:07","2018-02-06 21:47:49","2018-02-10 05:43:07","1"
"b91629fc939d158e27e9df829b505769","NONAME [NTFS]\\[orphan]\\vcruntime140.dll","83784","2018-02-10 05:43:07","2018-02-06 21:47:49","2018-02-10 05:43:07","1"
"9bdef658e2cab8bab09e712fbff302dd","NONAME [NTFS]\\[orphan]\\xul.dll","61582288","2018-02-10 05:43:07","2018-02-06 21:47:50","2018-02-10 05:43:07","1"
"b025bbe0f38e45b8d71a53cd13e31ae2","NONAME [NTFS]\\[orphan]\\xul.dll.sig","1449","2018-02-10 05:43:09","2018-02-06 21:47:50","2018-02-10 05:43:09","1"
"a70368c832dde5ab4df7bf54693fb06e","NONAME [NTFS]\\[root]\\$Bitmap","801568","2018-02-10 12:54:04","2018-02-10 12:54:04","2018-02-10 12:54:04","0"
"70fd6403d9c2497c4b968058b76bd495","NONAME [NTFS]\\[root]\\$Extend\\$ObjId\\$O","16384","2018-02-10 12:54:04","2018-02-10 12:54:04","2018-02-10 12:54:04","0"
"7c54dc73fa2ddf7811bc512da35ae1cb","NONAME [NTFS]\\[root]\\$Extend\\$RmMetadata\\$TxfLog\\$TxfLog.blf","65536","2018-02-10 12:54:04","2018-02-10 05:10:48","2018-02-10 12:54:04","0"
"ac8275248f7e596428c2ccbfbd5ac8d9","NONAME [NTFS]\\[root]\\$Extend\\$RmMetadata\\$TxfLog\\$TxfLogContainer00000000000000000001","10485760","2018-02-10 12:54:04","2018-02-10 05:10:48","2018-02-10 12:54:04","0"
"6799606a7c6abbe00a58a7c213a116b2","NONAME [NTFS]\\[root]\\$Extend\\$RmMetadata\\$TxfLog\\$TxfLogContainer00000000000000000004","10485760","2018-02-10 05:22:28","2018-02-10 05:22:28","2018-02-10 05:22:28","1"
"6799606a7c6abbe00a58a7c213a116b2","NONAME [NTFS]\\[root]\\$Extend\\$RmMetadata\\$TxfLog\\$TxfLogContainer00000000000000000004",\N,"0000-00-00 00:00:00","0000-00-00 00:00:00","0000-00-00 00:00:00","1"
"879c9c5caf2f007fb4281ae5bacaa5ec","NONAME [NTFS]\\[root]\\$Extend\\$UsnJrnl\\$J","153960000","2018-02-10 04:56:04","2018-02-10 04:56:04","2018-02-10 04:56:04","0"
"f6ed2a9c044bed5caf74f665ec90242a","NONAME [NTFS]\\[root]\\$I30","4096","2017-09-29 05:31:43","2018-02-10 04:57:19","2018-02-10 04:57:19","0"
"1775fa19eef2aeb671202989a6e83d03","NONAME [NTFS]\\[root]\\$LogFile","36503552","2018-02-10 12:54:04","2018-02-10 12:54:04","2018-02-10 12:54:04","0"
"208eb52ad63c6272ccfd83a4aaa8be77","NONAME [NTFS]\\[root]\\$MFT","96468992","2018-02-10 12:54:04","2018-02-10 12:54:04","2018-02-10 12:54:04","0"
"f6a99e57046533ec8bdb4df5baceb135","NONAME [NTFS]\\[root]\\$Secure\\$SDH","131072","2018-02-10 12:54:04","2018-02-10 12:54:04","2018-02-10 12:54:04","0"
"75bc288a2bf31d875f00af939eeb1f39","NONAME [NTFS]\\[root]\\$Secure\\$SDS","1369444","2018-02-10 12:54:04","2018-02-10 12:54:04","2018-02-10 12:54:04","0"
"fab8bc69b5aa8dbc81ad2d173d9d1a97","NONAME [NTFS]\\[root]\\$Secure\\$SII","131072","2018-02-10 12:54:04","2018-02-10 12:54:04","2018-02-10 12:54:04","0"
"29d317336e2476396512266225cc5ac3","NONAME [NTFS]\\[root]\\pagefile.sys","1811939328","2018-02-10 04:56:05","2018-02-10 05:42:19","2018-02-10 04:56:05","0"
"0d9c392f4ef42834558f3781aa21dfcf","NONAME [NTFS]\\[root]\\Program Files\\$I30","4096","2017-09-29 11:55:13","2018-02-10 05:43:24","2018-02-10 05:43:24","0"
"a34a733e69ba8584c5eee6bad8bcf96d","NONAME [NTFS]\\[root]\\Program Files\\$TXF_DATA","56","2017-09-29 11:55:13","2018-02-10 05:43:24","2018-02-10 05:43:24","0"
"1ab4d6be1d425df62a4be8aff27b6d31","NONAME [NTFS]\\[root]\\Program Files\\Mozilla Firefox\\$I30","40960","2018-02-10 05:43:20","2018-02-10 05:43:21","2018-02-10 05:43:21","0"
"ee105b897dbd5a5b75e6a91b9fafa8bd","NONAME [NTFS]\\[root]\\Program Files\\Mozilla Firefox\\Accessible.tlb","3008","2018-02-10 05:43:20","2018-02-06 21:47:49","2018-02-10 05:43:20","0"
"9d35ba783034da6b0951d0f6b2bcaa0f","NONAME [NTFS]\\[root]\\Program Files\\Mozilla Firefox\\AccessibleHandler.dll","117200","2018-02-10 05:43:20","2018-02-06 21:47:49","2018-02-10 05:43:20","0"
"16b825579d73d96968e5a056762a666b","NONAME [NTFS]\\[root]\\Program Files\\Mozilla Firefox\\AccessibleMarshal.dll","26064","2018-02-10 05:43:21","2018-02-06 21:47:49","2018-02-10 05:43:21","0"
"502263c56f931df8440d7fd2fa7b7c00","NONAME [NTFS]\\[root]\\Program Files\\Mozilla Firefox\\api-ms-win-core-console-l1-1-0.dll","18744","2018-02-10 05:43:21","2018-02-06 21:47:49","2018-02-10 05:43:21","0"
"cb978304b79ef53962408c611dfb20f5","NONAME [NTFS]\\[root]\\Program Files\\Mozilla Firefox\\api-ms-win-core-datetime-l1-1-0.dll","18232","2018-02-10 05:43:21","2018-02-06 21:47:49","2018-02-10 05:43:21","0"
"88ff191fd8648099592ed28ee6c442a5","NONAME [NTFS]\\[root]\\Program Files\\Mozilla Firefox\\api-ms-win-core-debug-l1-1-0.dll","18232","2018-02-10 05:43:21","2018-02-06 21:47:49","2018-02-10 05:43:21","0"
"6d778e83f74a4c7fe4c077dc279f6867","NONAME [NTFS]\\[root]\\Program Files\\Mozilla Firefox\\api-ms-win-core-errorhandling-l1-1-0.dll","18232","2018-02-10 05:43:21","2018-02-06 21:47:49","2018-02-10 05:43:21","0"
"94ae25c7a5497ca0be6882a00644ca64","NONAME [NTFS]\\[root]\\Program Files\\Mozilla Firefox\\api-ms-win-core-file-l1-1-0.dll","21816","2018-02-10 05:43:21","2018-02-06 21:47:49","2018-02-10 05:43:21","0"
"e2f648ae40d234a3892e1455b4dbbe05","NONAME [NTFS]\\[root]\\Program Files\\Mozilla Firefox\\api-ms-win-core-file-l1-2-0.dll","18232","2018-02-10 05:43:21","2018-02-06 21:47:49","2018-02-10 05:43:21","0"
"e479444bdd4ae4577fd32314a68f5d28","NONAME [NTFS]\\[root]\\Program Files\\Mozilla Firefox\\api-ms-win-core-file-l2-1-0.dll","18232","2018-02-10 05:43:21","2018-02-06 21:47:49","2018-02-10 05:43:21","0"
"6db54065b33861967b491dd1c8fd8595","NONAME [NTFS]\\[root]\\Program Files\\Mozilla Firefox\\api-ms-win-core-handle-l1-1-0.dll","18232","2018-02-10 05:43:21","2018-02-06 21:47:49","2018-02-10 05:43:21","0"
"2ea3901d7b50bf6071ec8732371b821c","NONAME [NTFS]\\[root]\\Program Files\\Mozilla Firefox\\api-ms-win-core-heap-l1-1-0.dll","18232","2018-02-10 05:43:21","2018-02-06 21:47:49","2018-02-10 05:43:21","0"
"d97a1cb141c6806f0101a5ed2673a63d","NONAME [NTFS]\\[root]\\Program Files\\Mozilla Firefox\\api-ms-win-core-interlocked-l1-1-0.dll","17856","2018-02-10 05:43:21","2018-02-06 21:47:49","2018-02-10 05:43:21","0"
"d0873e21721d04e20b6ffb038accf2f1","NONAME [NTFS]\\[root]\\Program Files\\Mozilla Firefox\\api-ms-win-core-libraryloader-l1-1-0.dll","18744","2018-02-10 05:43:21","2018-02-06 21:47:49","2018-02-10 05:43:21","0"
"eff11130bfe0d9c90c0026bf2fb219ae","NONAME [NTFS]\\[root]\\Program Files\\Mozilla Firefox\\api-ms-win-core-localization-l1-2-0.dll","20792","2018-02-10 05:43:21","2018-02-06 21:47:49","2018-02-10 05:43:21","0"
"d500d9e24f33933956df0e26f087fd91","NONAME [NTFS]\\[root]\\Program Files\\Mozilla Firefox\\api-ms-win-core-memory-l1-1-0.dll","18744","2018-02-10 05:43:21","2018-02-06 21:47:49","2018-02-10 05:43:21","0"
"6f6796d1278670cce6e2d85199623e27","NONAME [NTFS]\\[root]\\Program Files\\Mozilla Firefox\\api-ms-win-core-namedpipe-l1-1-0.dll","18232","2018-02-10 05:43:21","2018-02-06 21:47:49","2018-02-10 05:43:21","0"
"5f73a814936c8e7e4a2dfd68876143c8","NONAME [NTFS]\\[root]\\Program Files\\Mozilla Firefox\\api-ms-win-core-processenvironment-l1-1-0.dll","19248","2018-02-10 05:43:21","2018-02-06 21:47:49","2018-02-10 05:43:21","0"
"a2d7d7711f9c0e3e065b2929ff342666","NONAME [NTFS]\\[root]\\Program Files\\Mozilla Firefox\\api-ms-win-core-processthreads-l1-1-0.dll","19392","2018-02-10 05:43:21","2018-02-06 21:47:49","2018-02-10 05:43:21","0"
"d0289835d97d103bad0dd7b9637538a1","NONAME [NTFS]\\[root]\\Program Files\\Mozilla Firefox\\api-ms-win-core-processthreads-l1-1-1.dll","18744","2018-02-10 05:43:21","2018-02-06 21:47:49","2018-02-10 05:43:21","0"
"fee0926aa1bf00f2bec9da5db7b2de56","NONAME [NTFS]\\[root]\\Program Files\\Mozilla Firefox\\api-ms-win-core-profile-l1-1-0.dll","17712","2018-02-10 05:43:21","2018-02-06 21:47:49","2018-02-10 05:43:21","0"
"fdba0db0a1652d86cd471eaa509e56ea","NONAME [NTFS]\\[root]\\Program Files\\Mozilla Firefox\\api-ms-win-core-rtlsupport-l1-1-0.dll","17720","2018-02-10 05:43:21","2018-02-06 21:47:49","2018-02-10 05:43:21","0"
"12cc7d8017023ef04ebdd28ef9558305","NONAME [NTFS]\\[root]\\Program Files\\Mozilla Firefox\\api-ms-win-core-string-l1-1-0.dll","18232","2018-02-10 05:43:21","2018-02-06 21:47:49","2018-02-10 05:43:21","0"
"71af7ed2a72267aaad8564524903cff6","NONAME [NTFS]\\[root]\\Program Files\\Mozilla Firefox\\api-ms-win-core-synch-l1-1-0.dll","20280","2018-02-10 05:43:21","2018-02-06 21:47:49","2018-02-10 05:43:21","0"
"0d1aa99ed8069ba73cfd74b0fddc7b3a","NONAME [NTFS]\\[root]\\Program Files\\Mozilla Firefox\\api-ms-win-core-synch-l1-2-0.dll","18744","2018-02-10 05:43:21","2018-02-06 21:47:49","2018-02-10 05:43:21","0"
"19a40af040bd7add901aa967600259d9","NONAME [NTFS]\\[root]\\Program Files\\Mozilla Firefox\\api-ms-win-core-sysinfo-l1-1-0.dll","19248","2018-02-10 05:43:21","2018-02-06 21:47:49","2018-02-10 05:43:21","0"
"babf80608fd68a09656871ec8597296c","NONAME [NTFS]\\[root]\\Program Files\\Mozilla Firefox\\api-ms-win-core-timezone-l1-1-0.dll","18224","2018-02-10 05:43:21","2018-02-06 21:47:49","2018-02-10 05:43:21","0"
"0f079489abd2b16751ceb7447512a70d","NONAME [NTFS]\\[root]\\Program Files\\Mozilla Firefox\\api-ms-win-core-util-l1-1-0.dll","18232","2018-02-10 05:43:21","2018-02-06 21:47:49","2018-02-10 05:43:21","0"
"6ea692f862bdeb446e649e4b2893e36f","NONAME [NTFS]\\[root]\\Program Files\\Mozilla Firefox\\api-ms-win-crt-conio-l1-1-0.dll","19256","2018-02-10 05:43:21","2018-02-06 21:47:49","2018-02-10 05:43:21","0"
"72e28c902cd947f9a3425b19ac5a64bd","NONAME [NTFS]\\[root]\\Program Files\\Mozilla Firefox\\api-ms-win-crt-convert-l1-1-0.dll","22328","2018-02-10 05:43:21","2018-02-06 21:47:49","2018-02-10 05:43:21","0"
"ac290dad7cb4ca2d93516580452eda1c","NONAME [NTFS]\\[root]\\Program Files\\Mozilla Firefox\\api-ms-win-crt-environment-l1-1-0.dll","18736","2018-02-10 05:43:21","2018-02-06 21:47:49","2018-02-10 05:43:21","0"
"aec2268601470050e62cb8066dd41a59","NONAME [NTFS]\\[root]\\Program Files\\Mozilla Firefox\\api-ms-win-crt-filesystem-l1-1-0.dll","20280","2018-02-10 05:43:21","2018-02-06 21:47:49","2018-02-10 05:43:21","0"
"93d3da06bf894f4fa21007bee06b5e7d","NONAME [NTFS]\\[root]\\Program Files\\Mozilla Firefox\\api-ms-win-crt-heap-l1-1-0.dll","19256","2018-02-10 05:43:21","2018-02-06 21:47:49","2018-02-10 05:43:21","0"
"a2f2258c32e3ba9abf9e9e38ef7da8c9","NONAME [NTFS]\\[root]\\Program Files\\Mozilla Firefox\\api-ms-win-crt-locale-l1-1-0.dll","18744","2018-02-10 05:43:21","2018-02-06 21:47:49","2018-02-10 05:43:21","0"
"8b0ba750e7b15300482ce6c961a932f0","NONAME [NTFS]\\[root]\\Program Files\\Mozilla Firefox\\api-ms-win-crt-math-l1-1-0.dll","28984","2018-02-10 05:43:21","2018-02-06 21:47:49","2018-02-10 05:43:21","0"
"35fc66bd813d0f126883e695664e7b83","NONAME [NTFS]\\[root]\\Program Files\\Mozilla Firefox\\api-ms-win-crt-multibyte-l1-1-0.dll","26424","2018-02-10 05:43:21","2018-02-06 21:47:49","2018-02-10 05:43:21","0"
"9910a1bfdc41c5b39f6af37f0a22aacd","NONAME [NTFS]\\[root]\\Program Files\\Mozilla Firefox\\api-ms-win-crt-private-l1-1-0.dll","73016","2018-02-10 05:43:21","2018-02-06 21:47:49","2018-02-10 05:43:21","0"
"8d02dd4c29bd490e672d271700511371","NONAME [NTFS]\\[root]\\Program Files\\Mozilla Firefox\\api-ms-win-crt-process-l1-1-0.dll","19256","2018-02-10 05:43:21","2018-02-06 21:47:49","2018-02-10 05:43:21","0"
"41a348f9bedc8681fb30fa78e45edb24","NONAME [NTFS]\\[root]\\Program Files\\Mozilla Firefox\\api-ms-win-crt-runtime-l1-1-0.dll","22840","2018-02-10 05:43:21","2018-02-06 21:47:49","2018-02-10 05:43:21","0"
"fefb98394cb9ef4368da798deab00e21","NONAME [NTFS]\\[root]\\Program Files\\Mozilla Firefox\\api-ms-win-crt-stdio-l1-1-0.dll","24368","2018-02-10 05:43:21","2018-02-06 21:47:49","2018-02-10 05:43:21","0"
"404604cd100a1e60dfdaf6ecf5ba14c0","NONAME [NTFS]\\[root]\\Program Files\\Mozilla Firefox\\api-ms-win-crt-string-l1-1-0.dll","23488","2018-02-10 05:43:21","2018-02-06 21:47:49","2018-02-10 05:43:21","0"
"849f2c3ebf1fcba33d16153692d5810f","NONAME [NTFS]\\[root]\\Program Files\\Mozilla Firefox\\api-ms-win-crt-time-l1-1-0.dll","20792","2018-02-10 05:43:21","2018-02-06 21:47:49","2018-02-10 05:43:21","0"
"b52a0ca52c9c207874639b62b6082242","NONAME [NTFS]\\[root]\\Program Files\\Mozilla Firefox\\api-ms-win-crt-utility-l1-1-0.dll","18744","2018-02-10 05:43:21","2018-02-06 21:47:49","2018-02-10 05:43:21","0"
"bdf115192cdde77404a688111f338760","NONAME [NTFS]\\[root]\\Program Files\\Mozilla Firefox\\application.ini","718","2018-02-10 05:43:21","2018-02-06 21:47:49","2018-02-10 05:43:21","0"
"2191e7f686605e67f090366b706addc1","NONAME [NTFS]\\[root]\\Program Files\\Mozilla Firefox\\breakpadinjector.dll","116688","2018-02-10 05:43:21","2018-02-06 21:47:49","2018-02-10 05:43:21","0"
"17f3c3ef7d7c8f1e5412853dd727c1d8","NONAME [NTFS]\\[root]\\Program Files\\Mozilla Firefox\\browser\\$I30","4096","2018-02-10 05:43:21","2018-02-10 05:43:22","2018-02-10 05:43:22","0"
"f37cb87067e357551370fefb558f9f21","NONAME [NTFS]\\[root]\\Program Files\\Mozilla Firefox\\browser\\blocklist.xml","288580","2018-02-10 05:43:22","2018-02-06 21:47:49","2018-02-10 05:43:22","0"
"d41d8cd98f00b204e9800998ecf8427e","NONAME [NTFS]\\[root]\\Program Files\\Mozilla Firefox\\browser\\chrome.manifest","0","2018-02-10 05:43:22","2018-02-06 21:47:49","2018-02-10 05:43:22","0"
"9524df130a8e1ab4efdfb32b4e68a7b2","NONAME [NTFS]\\[root]\\Program Files\\Mozilla Firefox\\browser\\crashreporter-override.ini","787","2018-02-10 05:43:22","2018-02-06 21:47:49","2018-02-10 05:43:22","0"
"8735d1feb9a43b26abef5896e44a17b1","NONAME [NTFS]\\[root]\\Program Files\\Mozilla Firefox\\browser\\extensions\\{972ce4c6-7e08-4474-a285-3208198ce6fd}.xpi","3458","2018-02-10 05:43:22","2018-02-06 21:47:49","2018-02-10 05:43:22","0"
"395e350e69bfd670ef380599f66235e3","NONAME [NTFS]\\[root]\\Program Files\\Mozilla Firefox\\browser\\features\\$I30","4096","2018-02-10 05:43:22","2018-02-10 05:43:22","2018-02-10 05:43:22","0"
"de1d5e0d93ccde409c032253b5ad16cc","NONAME [NTFS]\\[root]\\Program Files\\Mozilla Firefox\\browser\\features\\activity-stream@mozilla.org.xpi","2708502","2018-02-10 05:43:22","2018-02-06 21:47:49","2018-02-10 05:43:22","0"
"2b57e680c659f9c72bf16306589123ed","NONAME [NTFS]\\[root]\\Program Files\\Mozilla Firefox\\browser\\features\\aushelper@mozilla.org.xpi","8734","2018-02-10 05:43:22","2018-02-06 21:47:49","2018-02-10 05:43:22","0"
"e4caa1ae7da4f71b6b1d0cfd022a54bf","NONAME [NTFS]\\[root]\\Program Files\\Mozilla Firefox\\browser\\features\\firefox@getpocket.com.xpi","926239","2018-02-10 05:43:22","2018-02-06 21:47:49","2018-02-10 05:43:22","0"
"ed9d600897f8f87b7c60671a88456caa","NONAME [NTFS]\\[root]\\Program Files\\Mozilla Firefox\\browser\\features\\followonsearch@mozilla.com.xpi","19123","2018-02-10 05:43:22","2018-02-06 21:47:49","2018-02-10 05:43:22","0"
"49b2953427b59051a14f675da7a68ca7","NONAME [NTFS]\\[root]\\Program Files\\Mozilla Firefox\\browser\\features\\formautofill@mozilla.org.xpi","425300","2018-02-10 05:43:22","2018-02-06 21:47:49","2018-02-10 05:43:22","0"
"ea16eb6099084f8d1973582524821585","NONAME [NTFS]\\[root]\\Program Files\\Mozilla Firefox\\browser\\features\\onboarding@mozilla.org.xpi","546181","2018-02-10 05:43:22","2018-02-06 21:47:49","2018-02-10 05:43:22","0"
"1b2cf2450783219ff6fb690a0387fb4c","NONAME [NTFS]\\[root]\\Program Files\\Mozilla Firefox\\browser\\features\\screenshots@mozilla.org.xpi","1015264","2018-02-10 05:43:22","2018-02-06 21:47:49","2018-02-10 05:43:22","0"
"fb30001a85e625073132b6e1303a39b2","NONAME [NTFS]\\[root]\\Program Files\\Mozilla Firefox\\browser\\features\\shield-recipe-client@mozilla.org.xpi","370059","2018-02-10 05:43:22","2018-02-06 21:47:49","2018-02-10 05:43:22","0"
"545a03ed729b3cd1f7c4ad700f8068a4","NONAME [NTFS]\\[root]\\Program Files\\Mozilla Firefox\\browser\\features\\webcompat@mozilla.org.xpi","9914","2018-02-10 05:43:22","2018-02-06 21:47:49","2018-02-10 05:43:22","0"
"0ab5296bf30b14bd391153b5ff09ac12","NONAME [NTFS]\\[root]\\Program Files\\Mozilla Firefox\\browser\\omni.ja","35590272","2018-02-10 05:43:22","2018-02-06 21:47:49","2018-02-10 05:43:22","0"
"31d6d761cb6cdbf5a3b56c3e41fc52ef","NONAME [NTFS]\\[root]\\Program Files\\Mozilla Firefox\\browser\\VisualElements\\VisualElements_150.png","22674","2018-02-10 05:43:22","2018-02-06 21:47:49","2018-02-10 05:43:22","0"
"cd7715828cbba72274768322372f62bf","NONAME [NTFS]\\[root]\\Program Files\\Mozilla Firefox\\browser\\VisualElements\\VisualElements_70.png","8555","2018-02-10 05:43:22","2018-02-06 21:47:49","2018-02-10 05:43:22","0"
"d41d8cd98f00b204e9800998ecf8427e","NONAME [NTFS]\\[root]\\Program Files\\Mozilla Firefox\\chrome.manifest","0","2018-02-10 05:43:21","2018-02-06 21:47:49","2018-02-10 05:43:21","0"
"27d891a395a7b65dbe2de4ee35e32935","NONAME [NTFS]\\[root]\\Program Files\\Mozilla Firefox\\crashreporter.exe","145872","2018-02-10 05:43:21","2018-02-06 21:47:49","2018-02-10 05:43:21","0"
"d3bf8bdf9564e02065a4469a61e87182","NONAME [NTFS]\\[root]\\Program Files\\Mozilla Firefox\\crashreporter.ini","4003","2018-02-10 05:43:21","2018-02-06 21:47:49","2018-02-10 05:43:21","0"
"e16ca76a141de63a7ca661e489f91e7e","NONAME [NTFS]\\[root]\\Program Files\\Mozilla Firefox\\d3dcompiler_47.dll","3681600","2018-02-10 05:43:21","2018-02-06 21:47:49","2018-02-10 05:43:21","0"
"c13b7ffae99396fdbcba2f8eb6c90826","NONAME [NTFS]\\[root]\\Program Files\\Mozilla Firefox\\defaults\\pref\\channel-prefs.js","245","2018-02-10 05:43:22","2018-02-06 21:47:49","2018-02-10 05:43:22","0"
"41113779cb11c4261e777bc417a74119","NONAME [NTFS]\\[root]\\Program Files\\Mozilla Firefox\\dependentlibs.list","494","2018-02-10 05:43:21","2018-02-06 21:47:49","2018-02-10 05:43:21","0"
"de7d2fb2a926fd13f49b784f9272cd65","NONAME [NTFS]\\[root]\\Program Files\\Mozilla Firefox\\dictionaries\\en-US.aff","3074","2018-02-10 05:43:22","2018-02-06 21:47:49","2018-02-10 05:43:22","0"
"f7d1f099cc96a28fbc2ee176579345de","NONAME [NTFS]\\[root]\\Program Files\\Mozilla Firefox\\dictionaries\\en-US.dic","577006","2018-02-10 05:43:22","2018-02-06 21:47:49","2018-02-10 05:43:22","0"
"d3cf7725cff41d6e4ca70b9dc00a75b2","NONAME [NTFS]\\[root]\\Program Files\\Mozilla Firefox\\firefox.exe","460752","2018-02-10 05:43:21","2018-02-06 21:47:49","2018-02-10 05:43:21","0"
"b26118d7f81a459a83d70bf1babbefb7","NONAME [NTFS]\\[root]\\Program Files\\Mozilla Firefox\\firefox.exe.sig","1449","2018-02-10 05:43:21","2018-02-06 21:47:50","2018-02-10 05:43:21","0"
"2fe740c5f060fc6f56647b117664766d","NONAME [NTFS]\\[root]\\Program Files\\Mozilla Firefox\\firefox.VisualElementsManifest.xml","344","2018-02-10 05:43:21","2018-02-06 21:47:49","2018-02-10 05:43:21","0"
"b0a43a838944f6a95ed1682328134667","NONAME [NTFS]\\[root]\\Program Files\\Mozilla Firefox\\fonts\\EmojiOneMozilla.ttf","1227260","2018-02-10 05:43:22","2018-02-06 21:47:49","2018-02-10 05:43:22","0"
"4e87e6c8a9a9cdc172227d90de57c125","NONAME [NTFS]\\[root]\\Program Files\\Mozilla Firefox\\freebl3.chk","899","2018-02-10 05:43:21","2018-02-06 21:47:49","2018-02-10 05:43:21","0"
"479a4044feb849e3c9fa317e34308222","NONAME [NTFS]\\[root]\\Program Files\\Mozilla Firefox\\freebl3.dll","333776","2018-02-10 05:43:21","2018-02-06 21:47:49","2018-02-10 05:43:21","0"
"bedc710588588db95719c56ec99eeb81","NONAME [NTFS]\\[root]\\Program Files\\Mozilla Firefox\\gmp-clearkey\\0.1\\clearkey.dll","68048","2018-02-10 05:43:22","2018-02-06 21:47:49","2018-02-10 05:43:22","0"
"364c262573d448cd1cc1012e18cd2a9d","NONAME [NTFS]\\[root]\\Program Files\\Mozilla Firefox\\gmp-clearkey\\0.1\\clearkey.dll.sig","1449","2018-02-10 05:43:22","2018-02-06 21:47:50","2018-02-10 05:43:22","0"
"4c2f070d33d0412ffbd11e3330bdbe44","NONAME [NTFS]\\[root]\\Program Files\\Mozilla Firefox\\gmp-clearkey\\0.1\\manifest.json","227","2018-02-10 05:43:22","2018-02-06 21:47:49","2018-02-10 05:43:22","0"
"d72db60d6972dfcc3e4007331a0d21b0","NONAME [NTFS]\\[root]\\Program Files\\Mozilla Firefox\\IA2Marshal.dll","70608","2018-02-10 05:43:21","2018-02-06 21:47:49","2018-02-10 05:43:21","0"
"46e7d6887ca1e36b54e67aa5dde8cedc","NONAME [NTFS]\\[root]\\Program Files\\Mozilla Firefox\\install.log","31010","2018-02-10 05:43:20","2018-02-10 05:43:26","2018-02-10 05:43:20","0"
"8d367ce6ca99616de4ca4058a77d9584","NONAME [NTFS]\\[root]\\Program Files\\Mozilla Firefox\\lgpllibs.dll","51152","2018-02-10 05:43:21","2018-02-06 21:47:49","2018-02-10 05:43:21","0"
"218423d32d6e51f65fe1b7f2bc9cb685","NONAME [NTFS]\\[root]\\Program Files\\Mozilla Firefox\\libEGL.dll","26064","2018-02-10 05:43:21","2018-02-06 21:47:49","2018-02-10 05:43:21","0"
"3dcf0e6d74e7f442c759f8a804e0b981","NONAME [NTFS]\\[root]\\Program Files\\Mozilla Firefox\\libGLESv2.dll","1670608","2018-02-10 05:43:21","2018-02-06 21:47:49","2018-02-10 05:43:21","0"
"8d4db14d9064b3285c2dbb92455d6623","NONAME [NTFS]\\[root]\\Program Files\\Mozilla Firefox\\maintenanceservice.exe","174544","2018-02-10 05:43:21","2018-02-06 21:47:49","2018-02-10 05:43:21","0"
"ad41f65a0cc2229eba6542803920e458","NONAME [NTFS]\\[root]\\Program Files\\Mozilla Firefox\\maintenanceservice_installer.exe","157096","2018-02-10 05:43:21","2018-02-06 21:47:49","2018-02-10 05:43:21","0"
"e89d6d4d4b47b1e90d7d5162682b70ce","NONAME [NTFS]\\[root]\\Program Files\\Mozilla Firefox\\minidump-analyzer.exe","528848","2018-02-10 05:43:21","2018-02-06 21:47:49","2018-02-10 05:43:21","0"
"a17be2cea88475d79f911d8afc265bed","NONAME [NTFS]\\[root]\\Program Files\\Mozilla Firefox\\mozavcodec.dll","1479120","2018-02-10 05:43:21","2018-02-06 21:47:49","2018-02-10 05:43:21","0"
"bc29534f6d1a9b3edd9899f7de125a4a","NONAME [NTFS]\\[root]\\Program Files\\Mozilla Firefox\\mozavutil.dll","176080","2018-02-10 05:43:21","2018-02-06 21:47:49","2018-02-10 05:43:21","0"
"62139e8f10331a2966335dbdc2abe906","NONAME [NTFS]\\[root]\\Program Files\\Mozilla Firefox\\mozglue.dll","137680","2018-02-10 05:43:21","2018-02-06 21:47:49","2018-02-10 05:43:21","0"
"109f0f02fd37c84bfc7508d4227d7ed5","NONAME [NTFS]\\[root]\\Program Files\\Mozilla Firefox\\msvcp140.dll","440120","2018-02-10 05:43:21","2018-02-06 21:47:49","2018-02-10 05:43:21","0"
"e51336ee36fab4dadbda718ae3ed5f7f","NONAME [NTFS]\\[root]\\Program Files\\Mozilla Firefox\\nss3.dll","1237456","2018-02-10 05:43:21","2018-02-06 21:47:49","2018-02-10 05:43:21","0"
"f40f16a1333ae16bf882e0c72951cb6b","NONAME [NTFS]\\[root]\\Program Files\\Mozilla Firefox\\nssckbi.dll","344016","2018-02-10 05:43:21","2018-02-06 21:47:49","2018-02-10 05:43:21","0"
"37b66d705a13ff273e717f07e1a76b35","NONAME [NTFS]\\[root]\\Program Files\\Mozilla Firefox\\nssdbm3.chk","899","2018-02-10 05:43:21","2018-02-06 21:47:49","2018-02-10 05:43:21","0"
"2f2b0fa863982cf557494c18dbac0998","NONAME [NTFS]\\[root]\\Program Files\\Mozilla Firefox\\nssdbm3.dll","92624","2018-02-10 05:43:21","2018-02-06 21:47:49","2018-02-10 05:43:21","0"
"a3371ddcf26e875e5adee3b0ddab84fc","NONAME [NTFS]\\[root]\\Program Files\\Mozilla Firefox\\omni.ja","17372622","2018-02-10 05:43:21","2018-02-06 21:47:49","2018-02-10 05:43:21","0"
"9566478fd5d91a87cee11e165d10b5c3","NONAME [NTFS]\\[root]\\Program Files\\Mozilla Firefox\\pingsender.exe","53200","2018-02-10 05:43:21","2018-02-06 21:47:49","2018-02-10 05:43:21","0"
"c74f2006d4ae4ebdeae38c41724d32f4","NONAME [NTFS]\\[root]\\Program Files\\Mozilla Firefox\\platform.ini","166","2018-02-10 05:43:21","2018-02-06 21:47:49","2018-02-10 05:43:21","0"
"239ef09740887eb1ed99749bbab6b210","NONAME [NTFS]\\[root]\\Program Files\\Mozilla Firefox\\plugin-container.exe","148944","2018-02-10 05:43:21","2018-02-06 21:47:49","2018-02-10 05:43:21","0"
"5cf44a29cdee337d688c927027965b78","NONAME [NTFS]\\[root]\\Program Files\\Mozilla Firefox\\plugin-container.exe.sig","1449","2018-02-10 05:43:21","2018-02-06 21:47:50","2018-02-10 05:43:21","0"
"e4b06785af3f66a18118ae949e1f57e0","NONAME [NTFS]\\[root]\\Program Files\\Mozilla Firefox\\plugin-hang-ui.exe","29136","2018-02-10 05:43:21","2018-02-06 21:47:49","2018-02-10 05:43:21","0"
"307cec037bba83668db9705a92f1e0da","NONAME [NTFS]\\[root]\\Program Files\\Mozilla Firefox\\precomplete","4240","2018-02-10 05:43:21","2018-02-06 21:47:49","2018-02-10 05:43:21","0"
"62ab82d048951d6490b41d109230d10b","NONAME [NTFS]\\[root]\\Program Files\\Mozilla Firefox\\qipcap.dll","16336","2018-02-10 05:43:21","2018-02-06 21:47:49","2018-02-10 05:43:21","0"
"d41d8cd98f00b204e9800998ecf8427e","NONAME [NTFS]\\[root]\\Program Files\\Mozilla Firefox\\removed-files","0","2018-02-10 05:43:21","2018-02-06 21:47:49","2018-02-10 05:43:21","0"
"f0d605c3d1378b1965ca01402494048d","NONAME [NTFS]\\[root]\\Program Files\\Mozilla Firefox\\softokn3.chk","899","2018-02-10 05:43:21","2018-02-06 21:47:49","2018-02-10 05:43:21","0"
"4998c089a8a0daef8b87dd366fb636ce","NONAME [NTFS]\\[root]\\Program Files\\Mozilla Firefox\\softokn3.dll","143312","2018-02-10 05:43:21","2018-02-06 21:47:49","2018-02-10 05:43:21","0"
"d6326267ae77655f312d2287903db4d3","NONAME [NTFS]\\[root]\\Program Files\\Mozilla Firefox\\ucrtbase.dll","1142072","2018-02-10 05:43:21","2018-02-06 21:47:49","2018-02-10 05:43:21","0"
"34fa6b5d44b7589857d78353dd95fa38","NONAME [NTFS]\\[root]\\Program Files\\Mozilla Firefox\\uninstall\\helper.exe","895424","2018-02-10 05:43:22","2018-02-06 21:47:49","2018-02-10 05:43:22","0"
"55371de160f8c6c68a5560c0f416bee7","NONAME [NTFS]\\[root]\\Program Files\\Mozilla Firefox\\uninstall\\shortcuts_log.ini","274","2018-02-10 05:43:24","2018-02-10 05:43:25","2018-02-10 05:43:24","0"
"f15b4c3757c18d4b9cf6d77d3dc16ae5","NONAME [NTFS]\\[root]\\Program Files\\Mozilla Firefox\\uninstall\\uninstall.log","4013","2018-02-10 05:43:20","2018-02-10 05:43:25","2018-02-10 05:43:20","0"
"1413131f8cfad1e19d299667bf759087","NONAME [NTFS]\\[root]\\Program Files\\Mozilla Firefox\\update-settings.ini","132","2018-02-10 05:43:21","2018-02-06 21:47:49","2018-02-10 05:43:21","0"
"77b9d77957d2ff45f1d0a30199e7b20a","NONAME [NTFS]\\[root]\\Program Files\\Mozilla Firefox\\updater.exe","316880","2018-02-10 05:43:21","2018-02-06 21:47:49","2018-02-10 05:43:21","0"
"01e8f52c0d6fe6340151ce7a48ac30ff","NONAME [NTFS]\\[root]\\Program Files\\Mozilla Firefox\\updater.ini","1245","2018-02-10 05:43:21","2018-02-06 21:47:49","2018-02-10 05:43:21","0"
"7587bf9cb4147022cd5681b015183046","NONAME [NTFS]\\[root]\\Program Files\\Mozilla Firefox\\vcruntime140.dll","83784","2018-02-10 05:43:21","2018-02-06 21:47:49","2018-02-10 05:43:21","0"
"ceec695594a2821df8b972efb6e3ffa8","NONAME [NTFS]\\[root]\\Program Files\\Mozilla Firefox\\xul.dll","61582288","2018-02-10 05:43:21","2018-02-06 21:47:50","2018-02-10 05:43:21","0"
"b025bbe0f38e45b8d71a53cd13e31ae2","NONAME [NTFS]\\[root]\\Program Files\\Mozilla Firefox\\xul.dll.sig","1449","2018-02-10 05:43:21","2018-02-06 21:47:50","2018-02-10 05:43:21","0"
"9bab492d0efa61d54fcd60512060d1a6","NONAME [NTFS]\\[root]\\Program Files\\Mozilla Maintenance Service\\$I30","4096","2018-02-10 05:43:24","2018-02-10 05:43:24","2018-02-10 05:43:24","0"
"aaf3d6d1ed9fe0fd99717b54aaab1669","NONAME [NTFS]\\[root]\\Program Files\\Mozilla Maintenance Service\\logs\\maintenanceservice-install.log","164","2018-02-10 05:43:24","2018-02-10 05:43:24","2018-02-10 05:43:24","0"
"8d4db14d9064b3285c2dbb92455d6623","NONAME [NTFS]\\[root]\\Program Files\\Mozilla Maintenance Service\\maintenanceservice.exe","174544","2018-02-10 05:43:24","2018-02-06 21:47:49","2018-02-10 05:43:24","0"
"5602bb011707bd82b3193d91cb40adc7","NONAME [NTFS]\\[root]\\Program Files\\Mozilla Maintenance Service\\Uninstall.exe","89698","2018-02-10 05:43:24","2018-02-10 05:43:24","2018-02-10 05:43:24","0"
"01e8f52c0d6fe6340151ce7a48ac30ff","NONAME [NTFS]\\[root]\\Program Files\\Mozilla Maintenance Service\\updater.ini","1245","2018-02-10 05:43:24","2018-02-06 21:47:49","2018-02-10 05:43:24","0"
"bf0f12341b7679928c7eb60a4c274753","NONAME [NTFS]\\[root]\\swapfile.sys","268435456","2018-02-10 04:56:05","2018-02-10 05:42:19","2018-02-10 04:56:05","0"
"09651beb1e55a5a3ce56fa81f3b77b8e","NONAME [NTFS]\\[root]\\Users\\qub\\$I30","8192","2018-02-10 05:00:43","2018-02-10 05:16:32","2018-02-10 05:16:32","0"
"212225266a2f979dd4394c5c2a991359","NONAME [NTFS]\\[root]\\Users\\qub\\AppData\\Local\\$I30","4096","2018-02-10 05:00:43","2018-02-10 05:43:27","2018-02-10 05:43:27","0"
"7a886d28a2b4e91b4a03812b617b0cac","NONAME [NTFS]\\[root]\\Users\\qub\\AppData\\Local\\$TXF_DATA","56","2018-02-10 05:00:43","2018-02-10 05:43:27","2018-02-10 05:43:27","0"
"d7cf88d807869955a4d93b2c635ef310","NONAME [NTFS]\\[root]\\Users\\qub\\AppData\\Local\\ConnectedDevicesPlatform\\CDPGlobalSettings.cdp","1855","2018-02-10 05:01:18","2018-02-10 05:42:41","2018-02-10 05:01:18","0"
"595e595dd9fb09463ea77cec13e0e955","NONAME [NTFS]\\[root]\\Users\\qub\\AppData\\Local\\IconCache.db","9208","2018-02-10 05:03:00","2018-02-10 05:43:49","2018-02-10 05:03:00","0"
"f8e77a2f978e04a147df4fff0b6e9dac","NONAME [NTFS]\\[root]\\Users\\qub\\AppData\\Local\\Mozilla\\Firefox\\Profiles\\zfdwztyo.default\\$I30","4096","2018-02-10 05:43:27","2018-02-10 05:43:31","2018-02-10 05:43:31","0"
"825edbb8c981300ea835bdea1c7f3c59","NONAME [NTFS]\\[root]\\Users\\qub\\AppData\\Local\\Mozilla\\Firefox\\Profiles\\zfdwztyo.default\\cache2\\entries\\0EDDF8C091E2FED62E44BEDDDC1723F5BF38FE4F","102","2018-02-10 05:43:34","2018-02-10 05:43:34","2018-02-10 05:43:34","0"
"01d4584a6991b3f7ee07db2882f9390a","NONAME [NTFS]\\[root]\\Users\\qub\\AppData\\Local\\Mozilla\\Firefox\\Profiles\\zfdwztyo.default\\safebrowsing\\$I30","4096","2018-02-10 05:43:30","2018-02-10 05:43:31","2018-02-10 05:43:31","0"
"076933ff9904d1110d896e2c525e39e5","NONAME [NTFS]\\[root]\\Users\\qub\\AppData\\Local\\Mozilla\\Firefox\\Profiles\\zfdwztyo.default\\safebrowsing\\test-block-simple.pset","16","2018-02-10 05:43:31","2018-02-10 05:43:31","2018-02-10 05:43:31","0"
"e2cf527ca7550b7e7bdf7311e483a2c3","NONAME [NTFS]\\[root]\\Users\\qub\\AppData\\Local\\Mozilla\\Firefox\\Profiles\\zfdwztyo.default\\safebrowsing\\test-block-simple.sbstore","232","2018-02-10 05:43:31","2018-02-10 05:43:31","2018-02-10 05:43:31","0"
"076933ff9904d1110d896e2c525e39e5","NONAME [NTFS]\\[root]\\Users\\qub\\AppData\\Local\\Mozilla\\Firefox\\Profiles\\zfdwztyo.default\\safebrowsing\\test-harmful-simple.pset","16","2018-02-10 05:43:30","2018-02-10 05:43:30","2018-02-10 05:43:30","0"
"051fb32dece757ba112ac36dc72e3a91","NONAME [NTFS]\\[root]\\Users\\qub\\AppData\\Local\\Mozilla\\Firefox\\Profiles\\zfdwztyo.default\\safebrowsing\\test-harmful-simple.sbstore","232","2018-02-10 05:43:30","2018-02-10 05:43:30","2018-02-10 05:43:30","0"
"076933ff9904d1110d896e2c525e39e5","NONAME [NTFS]\\[root]\\Users\\qub\\AppData\\Local\\Mozilla\\Firefox\\Profiles\\zfdwztyo.default\\safebrowsing\\test-malware-simple.pset","16","2018-02-10 05:43:30","2018-02-10 05:43:30","2018-02-10 05:43:30","0"
"3675254e341df799d4307c1f59109185","NONAME [NTFS]\\[root]\\Users\\qub\\AppData\\Local\\Mozilla\\Firefox\\Profiles\\zfdwztyo.default\\safebrowsing\\test-malware-simple.sbstore","232","2018-02-10 05:43:30","2018-02-10 05:43:30","2018-02-10 05:43:30","0"
"076933ff9904d1110d896e2c525e39e5","NONAME [NTFS]\\[root]\\Users\\qub\\AppData\\Local\\Mozilla\\Firefox\\Profiles\\zfdwztyo.default\\safebrowsing\\test-phish-simple.pset","16","2018-02-10 05:43:30","2018-02-10 05:43:30","2018-02-10 05:43:30","0"
"3d1ce5e50208f0cb3b979186043a548f","NONAME [NTFS]\\[root]\\Users\\qub\\AppData\\Local\\Mozilla\\Firefox\\Profiles\\zfdwztyo.default\\safebrowsing\\test-phish-simple.sbstore","232","2018-02-10 05:43:30","2018-02-10 05:43:30","2018-02-10 05:43:30","0"
"076933ff9904d1110d896e2c525e39e5","NONAME [NTFS]\\[root]\\Users\\qub\\AppData\\Local\\Mozilla\\Firefox\\Profiles\\zfdwztyo.default\\safebrowsing\\test-track-simple.pset","16","2018-02-10 05:43:30","2018-02-10 05:43:30","2018-02-10 05:43:30","0"
"95f28ede25c301301f25fbbd9a3c56ec","NONAME [NTFS]\\[root]\\Users\\qub\\AppData\\Local\\Mozilla\\Firefox\\Profiles\\zfdwztyo.default\\safebrowsing\\test-track-simple.sbstore","272","2018-02-10 05:43:30","2018-02-10 05:43:30","2018-02-10 05:43:30","0"
"076933ff9904d1110d896e2c525e39e5","NONAME [NTFS]\\[root]\\Users\\qub\\AppData\\Local\\Mozilla\\Firefox\\Profiles\\zfdwztyo.default\\safebrowsing\\test-trackwhite-simple.pset","16","2018-02-10 05:43:30","2018-02-10 05:43:31","2018-02-10 05:43:30","0"
"65e942614eee70680464ac4be75019fc","NONAME [NTFS]\\[root]\\Users\\qub\\AppData\\Local\\Mozilla\\Firefox\\Profiles\\zfdwztyo.default\\safebrowsing\\test-trackwhite-simple.sbstore","232","2018-02-10 05:43:30","2018-02-10 05:43:30","2018-02-10 05:43:30","0"
"076933ff9904d1110d896e2c525e39e5","NONAME [NTFS]\\[root]\\Users\\qub\\AppData\\Local\\Mozilla\\Firefox\\Profiles\\zfdwztyo.default\\safebrowsing\\test-unwanted-simple.pset","16","2018-02-10 05:43:30","2018-02-10 05:43:30","2018-02-10 05:43:30","0"
"a5695cc64d77967232b0c1344c6e72b3","NONAME [NTFS]\\[root]\\Users\\qub\\AppData\\Local\\Mozilla\\Firefox\\Profiles\\zfdwztyo.default\\safebrowsing\\test-unwanted-simple.sbstore","232","2018-02-10 05:43:30","2018-02-10 05:43:30","2018-02-10 05:43:30","0"
"6eea849a9c90f3fc981349504608a2a1","NONAME [NTFS]\\[root]\\Users\\qub\\AppData\\Local\\Mozilla\\Firefox\\Profiles\\zfdwztyo.default\\startupCache\\$I30","4096","2018-02-10 05:43:28","2018-02-10 05:43:43","2018-02-10 05:43:43","0"
"219d4033be24e437c1811032e7128dec","NONAME [NTFS]\\[root]\\Users\\qub\\AppData\\Local\\Mozilla\\Firefox\\Profiles\\zfdwztyo.default\\startupCache\\scriptCache-child.bin","183670","2018-02-10 05:43:29","2018-02-10 05:43:29","2018-02-10 05:43:29","0"
"fe37a564a27383168ffd4e05fd3d462a","NONAME [NTFS]\\[root]\\Users\\qub\\AppData\\Local\\Mozilla\\Firefox\\Profiles\\zfdwztyo.default\\startupCache\\scriptCache.bin","3676889","2018-02-10 05:43:29","2018-02-10 05:43:29","2018-02-10 05:43:29","0"
"666ffa83e927483557aec94f99f74e29","NONAME [NTFS]\\[root]\\Users\\qub\\AppData\\Local\\Mozilla\\Firefox\\Profiles\\zfdwztyo.default\\startupCache\\startupCache.4.little","3447133","2018-02-10 05:43:43","2018-02-10 05:43:43","2018-02-10 05:43:43","0"
"5182b27acf6c51d29dcc9abde34fa6ec","NONAME [NTFS]\\[root]\\Users\\qub\\AppData\\Local\\Mozilla\\Firefox\\Profiles\\zfdwztyo.default\\startupCache\\urlCache.bin","2699","2018-02-10 05:43:29","2018-02-10 05:43:29","2018-02-10 05:43:29","0"
"7561b9318a51cd80c329f3781d611bea","NONAME [NTFS]\\[root]\\Users\\qub\\AppData\\Local\\Mozilla\\Firefox\\Profiles\\zfdwztyo.default\\startupCache\\webext.sc.lz4","75257","2018-02-10 05:43:34","2018-02-10 05:43:34","2018-02-10 05:43:34","0"
"e496faef7cd6c21282e1b41fe40de383","NONAME [NTFS]\\[root]\\Users\\qub\\AppData\\Local\\Temp\\$I30","4096","2018-02-10 05:00:43","2018-02-10 05:43:31","2018-02-10 05:43:31","0"
"53220063554d84831dad0ef3233488ac","NONAME [NTFS]\\[root]\\Users\\qub\\AppData\\Local\\Temp\\aria-debug-2812.log","470","2018-02-10 05:42:46","2018-02-10 05:42:47","2018-02-10 05:42:46","0"
"09619cad959a5c220c87f12082613988","NONAME [NTFS]\\[root]\\Users\\qub\\AppData\\Local\\Temp\\nsmCFA5.tmp\\System.dll","11776","2018-02-10 05:43:09","2018-02-10 05:43:09","2018-02-10 05:43:09","1"
"819ef4a5b7f8a93c21c8684fd6305370","NONAME [NTFS]\\[root]\\Users\\qub\\AppData\\Local\\Temp\\nsmCFA5.tmp\\UAC.dll","18432","2018-02-10 05:43:09","2018-02-10 05:43:09","2018-02-10 05:43:09","1"
"65005be9fdb37a91eb856fd110b718b7","NONAME [NTFS]\\[root]\\Users\\qub\\AppData\\Roaming\\Microsoft\\$I30","4096","2018-02-10 05:00:43","2018-02-10 05:43:25","2018-02-10 05:43:25","0"
"4091dd18c8e810d83f0f36f65b633688","NONAME [NTFS]\\[root]\\Users\\qub\\AppData\\Roaming\\Microsoft\\Crypto\\RSA\\S-1-5-21-2119625379-2900472558-1849789986-1001\\2307db17b9c4af49b0ace72486e672e6_66a8c53e-f61c-4dc3-b352-ed0675e3dca4","44","2018-02-10 05:43:25","2018-02-10 05:43:25","2018-02-10 05:43:25","0"
"2bf36c9febb3595135eb4bea2d0130ff","NONAME [NTFS]\\[root]\\Users\\qub\\AppData\\Roaming\\Microsoft\\Windows\\$I30","4096","2018-02-10 05:00:43","2018-02-10 05:01:23","2018-02-10 05:01:23","0"
"d270b4765b4e4c8921fea1aba20a1ce0","NONAME [NTFS]\\[root]\\Users\\qub\\AppData\\Roaming\\Microsoft\\Windows\\Recent\\AutomaticDestinations\\$I30","4096","2018-02-10 05:01:23","2018-02-10 05:43:25","2018-02-10 05:43:25","0"
"20cb056209bce0ec1b1b6b05d19952ae","NONAME [NTFS]\\[root]\\Users\\qub\\AppData\\Roaming\\Microsoft\\Windows\\Recent\\AutomaticDestinations\\6824f4a902c78fbd.automaticDestinations-ms","2560","2018-02-10 05:43:25","2018-02-10 05:43:25","2018-02-10 05:43:25","0"
"a223b14ec90670a0ba9e9d8f5d3c8923","NONAME [NTFS]\\[root]\\Users\\qub\\AppData\\Roaming\\Microsoft\\Windows\\Recent\\CustomDestinations\\$I30","4096","2018-02-10 05:01:23","2018-02-10 05:43:42","2018-02-10 05:43:42","0"
"a513a9a73a40b26dfd90598962ace95d","NONAME [NTFS]\\[root]\\Users\\qub\\AppData\\Roaming\\Microsoft\\Windows\\Recent\\CustomDestinations\\6824f4a902c78fbd.customDestinations-ms","5404","2018-02-10 05:43:42","2018-02-10 05:43:42","2018-02-10 05:43:42","0"
"35d58558f1c045d8e65267cfec9d35e2","NONAME [NTFS]\\[root]\\Users\\qub\\AppData\\Roaming\\Mozilla\\Firefox\\Crash Reports\\InstallTime20180206200532","10","2018-02-10 05:43:27","2018-02-10 05:43:27","2018-02-10 05:43:27","0"
"604bfa7469637869ea90883c231a9074","NONAME [NTFS]\\[root]\\Users\\qub\\AppData\\Roaming\\Mozilla\\Firefox\\profiles.ini","122","2018-02-10 05:43:27","2018-02-10 05:43:27","2018-02-10 05:43:27","0"
"e71b18fa2f8853b32366e2189dc038b6","NONAME [NTFS]\\[root]\\Users\\qub\\AppData\\Roaming\\Mozilla\\Firefox\\Profiles\\zfdwztyo.default\\$I30","12288","2018-02-10 05:43:27","2018-02-10 05:43:42","2018-02-10 05:43:42","0"
"cd6e69324f29c924f6a0c1508b89180d","NONAME [NTFS]\\[root]\\Users\\qub\\AppData\\Roaming\\Mozilla\\Firefox\\Profiles\\zfdwztyo.default\\addons.json","24","2018-02-10 05:43:29","2018-02-10 05:43:29","2018-02-10 05:43:29","0"
"44b91db756f23d831c062c0fd35a2a8b","NONAME [NTFS]\\[root]\\Users\\qub\\AppData\\Roaming\\Mozilla\\Firefox\\Profiles\\zfdwztyo.default\\addonStartup.json.lz4","737","2018-02-10 05:43:29","2018-02-10 05:43:29","2018-02-10 05:43:29","0"
"d41d8cd98f00b204e9800998ecf8427e","NONAME [NTFS]\\[root]\\Users\\qub\\AppData\\Roaming\\Mozilla\\Firefox\\Profiles\\zfdwztyo.default\\AlternateServices.txt","0","2018-02-10 05:43:42","2018-02-10 05:43:42","2018-02-10 05:43:42","0"
"f37cb87067e357551370fefb558f9f21","NONAME [NTFS]\\[root]\\Users\\qub\\AppData\\Roaming\\Mozilla\\Firefox\\Profiles\\zfdwztyo.default\\blocklist.xml","288580","2018-02-10 05:43:28","2018-02-06 21:47:49","2018-02-10 05:43:28","0"
"0ae89ab910bd1e5829c65bd563e43b81","NONAME [NTFS]\\[root]\\Users\\qub\\AppData\\Roaming\\Mozilla\\Firefox\\Profiles\\zfdwztyo.default\\cert9.db","229376","2018-02-10 05:43:29","2018-02-10 05:43:29","2018-02-10 05:43:29","0"
"bd0cff9bdd20e4edc1cea353e0389bb0","NONAME [NTFS]\\[root]\\Users\\qub\\AppData\\Roaming\\Mozilla\\Firefox\\Profiles\\zfdwztyo.default\\compatibility.ini","216","2018-02-10 05:43:27","2018-02-10 05:43:27","2018-02-10 05:43:27","0"
"761406e5fc2d7e7c9d2e7688522474c9","NONAME [NTFS]\\[root]\\Users\\qub\\AppData\\Roaming\\Mozilla\\Firefox\\Profiles\\zfdwztyo.default\\containers.json","809","2018-02-10 05:43:31","2018-02-10 05:43:31","2018-02-10 05:43:31","0"
"698aa5006a957aea875d39fc33a4da83","NONAME [NTFS]\\[root]\\Users\\qub\\AppData\\Roaming\\Mozilla\\Firefox\\Profiles\\zfdwztyo.default\\content-prefs.sqlite","229376","2018-02-10 05:43:29","2018-02-10 05:43:29","2018-02-10 05:43:29","0"
"05c5a26966e2f8da409b986dec9399f1","NONAME [NTFS]\\[root]\\Users\\qub\\AppData\\Roaming\\Mozilla\\Firefox\\Profiles\\zfdwztyo.default\\cookies.sqlite","131072","2018-02-10 05:43:28","2018-02-10 05:43:42","2018-02-10 05:43:28","0"
"c5f9bbbc2cfdc21054abc252ce16bc7c","NONAME [NTFS]\\[root]\\Users\\qub\\AppData\\Roaming\\Mozilla\\Firefox\\Profiles\\zfdwztyo.default\\datareporting\\$I30","4096","2018-02-10 05:43:30","2018-02-10 05:43:42","2018-02-10 05:43:42","0"
"93a60fc7ffc30ec4ec9f8f4f78c51685","NONAME [NTFS]\\[root]\\Users\\qub\\AppData\\Roaming\\Mozilla\\Firefox\\Profiles\\zfdwztyo.default\\datareporting\\archived\\2018-02\\$I30","4096","2018-02-10 05:43:42","2018-02-10 05:43:42","2018-02-10 05:43:42","0"
"0c9f32eea09246c62b425b93c22b3cdf","NONAME [NTFS]\\[root]\\Users\\qub\\AppData\\Roaming\\Mozilla\\Firefox\\Profiles\\zfdwztyo.default\\datareporting\\archived\\2018-02\\1518241422373.232bf089-29e7-49d2-b844-d250d3f02174.new-profile.jsonlz4","2949","2018-02-10 05:43:42","2018-02-10 05:43:42","2018-02-10 05:43:42","0"
"2d50472a76297f8e696a3d44f5d2cfda","NONAME [NTFS]\\[root]\\Users\\qub\\AppData\\Roaming\\Mozilla\\Firefox\\Profiles\\zfdwztyo.default\\datareporting\\archived\\2018-02\\1518241422411.5a6ecd88-2e67-48d1-989b-27c83d47743b.main.jsonlz4","6586","2018-02-10 05:43:42","2018-02-10 05:43:42","2018-02-10 05:43:42","0"
"fd70d405b0e6301c6484d227c9030008","NONAME [NTFS]\\[root]\\Users\\qub\\AppData\\Roaming\\Mozilla\\Firefox\\Profiles\\zfdwztyo.default\\datareporting\\archived\\2018-02\\1518241422412.2a15bf3f-67fe-4d76-8f3a-8c1a65394ede.first-shutdown.jsonlz4","6585","2018-02-10 05:43:42","2018-02-10 05:43:42","2018-02-10 05:43:42","0"
"9b6c29bddd6220208d92fddc4cf53112","NONAME [NTFS]\\[root]\\Users\\qub\\AppData\\Roaming\\Mozilla\\Firefox\\Profiles\\zfdwztyo.default\\datareporting\\session-state.json","161","2018-02-10 05:43:42","2018-02-10 05:43:42","2018-02-10 05:43:42","0"
"169527dda00795f90be8da02982e50f7","NONAME [NTFS]\\[root]\\Users\\qub\\AppData\\Roaming\\Mozilla\\Firefox\\Profiles\\zfdwztyo.default\\datareporting\\state.json","51","2018-02-10 05:43:30","2018-02-10 05:43:30","2018-02-10 05:43:30","0"
"ee1b2090fc9b4771a66d9a98eaf0181e","NONAME [NTFS]\\[root]\\Users\\qub\\AppData\\Roaming\\Mozilla\\Firefox\\Profiles\\zfdwztyo.default\\extensions.json","12329","2018-02-10 05:43:29","2018-02-10 05:43:29","2018-02-10 05:43:29","0"
"f942164bc4173f0ad79a35f58645fe8d","NONAME [NTFS]\\[root]\\Users\\qub\\AppData\\Roaming\\Mozilla\\Firefox\\Profiles\\zfdwztyo.default\\favicons.sqlite","5242880","2018-02-10 05:43:28","2018-02-10 05:43:42","2018-02-10 05:43:28","0"
"e0273a16e3792decb30cabcf5e875e78","NONAME [NTFS]\\[root]\\Users\\qub\\AppData\\Roaming\\Mozilla\\Firefox\\Profiles\\zfdwztyo.default\\handlers.json","683","2018-02-10 05:43:31","2018-02-10 05:43:31","2018-02-10 05:43:31","0"
"25fa0e2ad6a26f97a74815da4d8384cb","NONAME [NTFS]\\[root]\\Users\\qub\\AppData\\Roaming\\Mozilla\\Firefox\\Profiles\\zfdwztyo.default\\key4.db","294912","2018-02-10 05:43:29","2018-02-10 05:43:29","2018-02-10 05:43:29","0"
"d41d8cd98f00b204e9800998ecf8427e","NONAME [NTFS]\\[root]\\Users\\qub\\AppData\\Roaming\\Mozilla\\Firefox\\Profiles\\zfdwztyo.default\\parent.lock","0","2018-02-10 05:43:27","2018-02-10 05:43:27","2018-02-10 05:43:27","0"
"c02c13dccdb53b1f9a8b4390cb51adb2","NONAME [NTFS]\\[root]\\Users\\qub\\AppData\\Roaming\\Mozilla\\Firefox\\Profiles\\zfdwztyo.default\\permissions.sqlite","98304","2018-02-10 05:43:28","2018-02-10 05:43:28","2018-02-10 05:43:28","0"
"5652e89293c7248c4ed75ddffca1ec2c","NONAME [NTFS]\\[root]\\Users\\qub\\AppData\\Roaming\\Mozilla\\Firefox\\Profiles\\zfdwztyo.default\\pkcs11.txt","908","2018-02-10 05:43:29","2018-02-10 05:43:29","2018-02-10 05:43:29","0"
"bacf95d6b457cd2a92bfa8e42596954b","NONAME [NTFS]\\[root]\\Users\\qub\\AppData\\Roaming\\Mozilla\\Firefox\\Profiles\\zfdwztyo.default\\places.sqlite","5242880","2018-02-10 05:43:28","2018-02-10 05:43:42","2018-02-10 05:43:28","0"
"7b979773b03dc931afc25f08b14da47b","NONAME [NTFS]\\[root]\\Users\\qub\\AppData\\Roaming\\Mozilla\\Firefox\\Profiles\\zfdwztyo.default\\prefs.js","5109","2018-02-10 05:43:28","2018-02-10 05:43:42","2018-02-10 05:43:42","0"
"442587cb916eb945b0f15fccb5902430","NONAME [NTFS]\\[root]\\Users\\qub\\AppData\\Roaming\\Mozilla\\Firefox\\Profiles\\zfdwztyo.default\\saved-telemetry-pings\\$I30","4096","2018-02-10 05:43:42","2018-02-10 05:43:42","2018-02-10 05:43:42","0"
"b51aa6347e593a6456f7390d57a66a86","NONAME [NTFS]\\[root]\\Users\\qub\\AppData\\Roaming\\Mozilla\\Firefox\\Profiles\\zfdwztyo.default\\saved-telemetry-pings\\232bf089-29e7-49d2-b844-d250d3f02174","6675","2018-02-10 05:43:42","2018-02-10 05:43:42","2018-02-10 05:43:42","0"
"c975d8cb6475a6bf82b6123dedd2b094","NONAME [NTFS]\\[root]\\Users\\qub\\AppData\\Roaming\\Mozilla\\Firefox\\Profiles\\zfdwztyo.default\\saved-telemetry-pings\\2a15bf3f-67fe-4d76-8f3a-8c1a65394ede","17706","2018-02-10 05:43:42","2018-02-10 05:43:42","2018-02-10 05:43:42","0"
"ca26e02462584a7122898d0f38790293","NONAME [NTFS]\\[root]\\Users\\qub\\AppData\\Roaming\\Mozilla\\Firefox\\Profiles\\zfdwztyo.default\\saved-telemetry-pings\\5a6ecd88-2e67-48d1-989b-27c83d47743b","17696","2018-02-10 05:43:42","2018-02-10 05:43:42","2018-02-10 05:43:42","0"
"dfe34ce18668b759e3f65f5f68ebdde9","NONAME [NTFS]\\[root]\\Users\\qub\\AppData\\Roaming\\Mozilla\\Firefox\\Profiles\\zfdwztyo.default\\search.json.mozlz4","14106","2018-02-10 05:43:30","2018-02-10 05:43:30","2018-02-10 05:43:30","0"
"d41d8cd98f00b204e9800998ecf8427e","NONAME [NTFS]\\[root]\\Users\\qub\\AppData\\Roaming\\Mozilla\\Firefox\\Profiles\\zfdwztyo.default\\SecurityPreloadState.txt","0","2018-02-10 05:43:42","2018-02-10 05:43:42","2018-02-10 05:43:42","0"
"948a7403e323297c6bb8a5c791b42866","NONAME [NTFS]\\[root]\\Users\\qub\\AppData\\Roaming\\Mozilla\\Firefox\\Profiles\\zfdwztyo.default\\sessionCheckpoints.json","288","2018-02-10 05:43:28","2018-02-10 05:43:42","2018-02-10 05:43:42","0"
"47c4462c4a8fa80c84df7ccc4a3d1357","NONAME [NTFS]\\[root]\\Users\\qub\\AppData\\Roaming\\Mozilla\\Firefox\\Profiles\\zfdwztyo.default\\sessionstore.jsonlz4","1303","2018-02-10 05:43:42","2018-02-10 05:43:42","2018-02-10 05:43:42","0"
"d41d8cd98f00b204e9800998ecf8427e","NONAME [NTFS]\\[root]\\Users\\qub\\AppData\\Roaming\\Mozilla\\Firefox\\Profiles\\zfdwztyo.default\\SiteSecurityServiceState.txt","0","2018-02-10 05:43:42","2018-02-10 05:43:42","2018-02-10 05:43:42","0"
"37f7194baa00561d2923317d178f0b04","NONAME [NTFS]\\[root]\\Users\\qub\\AppData\\Roaming\\Mozilla\\Firefox\\Profiles\\zfdwztyo.default\\storage.sqlite","512","2018-02-10 05:43:28","2018-02-10 05:43:28","2018-02-10 05:43:28","0"
"eee607c4733424415bdab6e10353a447","NONAME [NTFS]\\[root]\\Users\\qub\\AppData\\Roaming\\Mozilla\\Firefox\\Profiles\\zfdwztyo.default\\storage\\default\\about+newtab\\.metadata","41","2018-02-10 05:43:31","2018-02-10 05:43:31","2018-02-10 05:43:31","0"
"0e3efc134805d7411804c71d7c79cb2a","NONAME [NTFS]\\[root]\\Users\\qub\\AppData\\Roaming\\Mozilla\\Firefox\\Profiles\\zfdwztyo.default\\storage\\default\\about+newtab\\.metadata-v2","54","2018-02-10 05:43:31","2018-02-10 05:43:42","2018-02-10 05:43:31","0"
"2c4ba4e224b5792deefddf2bafbe248f","NONAME [NTFS]\\[root]\\Users\\qub\\AppData\\Roaming\\Mozilla\\Firefox\\Profiles\\zfdwztyo.default\\storage\\default\\about+newtab\\idb\\$I30","4096","2018-02-10 05:43:31","2018-02-10 05:43:42","2018-02-10 05:43:42","0"
"9eec9952d92f66e0a57909de1a35468a","NONAME [NTFS]\\[root]\\Users\\qub\\AppData\\Roaming\\Mozilla\\Firefox\\Profiles\\zfdwztyo.default\\storage\\default\\about+newtab\\idb\\3312185054sbndi_pspte.sqlite","49152","2018-02-10 05:43:31","2018-02-10 05:43:33","2018-02-10 05:43:31","0"
"2c3fffb46aff2da1919f18c4e983f265","NONAME [NTFS]\\[root]\\Users\\qub\\AppData\\Roaming\\Mozilla\\Firefox\\Profiles\\zfdwztyo.default\\storage\\permanent\\chrome\\.metadata","29","2018-02-10 05:43:29","2018-02-10 05:43:29","2018-02-10 05:43:29","0"
"e85e4c7cfb1e76571a757fd25ba8c823","NONAME [NTFS]\\[root]\\Users\\qub\\AppData\\Roaming\\Mozilla\\Firefox\\Profiles\\zfdwztyo.default\\storage\\permanent\\chrome\\.metadata-v2","42","2018-02-10 05:43:29","2018-02-10 05:43:29","2018-02-10 05:43:29","0"
"7d29020f263ff5f092eb8935626119be","NONAME [NTFS]\\[root]\\Users\\qub\\AppData\\Roaming\\Mozilla\\Firefox\\Profiles\\zfdwztyo.default\\storage\\permanent\\chrome\\idb\\$I30","4096","2018-02-10 05:43:29","2018-02-10 05:43:42","2018-02-10 05:43:42","0"
"361f4f49ba57dc91017b92da2bd394a6","NONAME [NTFS]\\[root]\\Users\\qub\\AppData\\Roaming\\Mozilla\\Firefox\\Profiles\\zfdwztyo.default\\storage\\permanent\\chrome\\idb\\2918063365piupsah.sqlite","49152","2018-02-10 05:43:30","2018-02-10 05:43:32","2018-02-10 05:43:30","0"
"d338f6ac8bebc8b2503f875c3ccff8fa","NONAME [NTFS]\\[root]\\Users\\qub\\AppData\\Roaming\\Mozilla\\Firefox\\Profiles\\zfdwztyo.default\\storage\\permanent\\chrome\\idb\\3561288849sdhlie.sqlite","49152","2018-02-10 05:43:29","2018-02-10 05:43:29","2018-02-10 05:43:29","0"
"921f0e445c4845d27f9596f7fcc05ccc","NONAME [NTFS]\\[root]\\Users\\qub\\AppData\\Roaming\\Mozilla\\Firefox\\Profiles\\zfdwztyo.default\\times.json","29","2018-02-10 05:43:27","2018-02-10 05:43:27","2018-02-10 05:43:27","0"
"ed0d01e7b339baeb2f4e79aff8172cf6","NONAME [NTFS]\\[root]\\Users\\qub\\AppData\\Roaming\\Mozilla\\Firefox\\Profiles\\zfdwztyo.default\\webappsstore.sqlite","98304","2018-02-10 05:43:31","2018-02-10 05:43:42","2018-02-10 05:43:31","0"
"509f24cc09d25866a4e0bc9e1b55bc67","NONAME [NTFS]\\[root]\\Users\\qub\\AppData\\Roaming\\Mozilla\\Firefox\\Profiles\\zfdwztyo.default\\xulstore.json","275","2018-02-10 05:43:42","2018-02-10 05:43:42","2018-02-10 05:43:42","0"
"55b53bcc1489d9b22ec412304df81d4b","NONAME [NTFS]\\[root]\\Users\\qub\\NTUSER.DAT","1048576","2018-02-10 05:00:43","2018-02-10 05:43:50","2018-02-10 05:43:50","0"
