"2","HKEY_CURRENT_USER\\Software\\Microsoft\\Internet Explorer\\LowRegistry\\Audio\\PolicyConfig\\PropertyStore\\bb0e5880_0",\N,"","{2}.\\\\?\\hdaudio#func_01&ven_8384&dev_7680&subsys_83847680&rev_1034#{6994ad04-93ef-11d0-a3cc-00a0c9223196}\\espeakertopo/00010001|\\Device\\HarddiskVolume2\\Program Files\\Mozilla Firefox\\firefox.exe%b{00000000-0000-0000-0000-000000000000}","2","",\N,"0000-00-00 00:00:00","2018-02-10 05:43:42"
"84","HKEY_CURRENT_USER\\Software\\Microsoft\\Windows\\CurrentVersion\\Search\\RecentApps\\{97E92AF2-2EFF-4CAE-8F21-0CE48A611DE5}",\N,"AppId","E:\\Firefox Setup 58.0.2.exe","2","",\N,"0000-00-00 00:00:00","2018-02-10 05:43:04"
"112","HKEY_LOCAL_MACHINE\\Software\\Classes\\CLSID\\{1814CEEB-49E2-407F-AF99-FA755A7D2607}\\InProcServer32",\N,"","C:\\Program Files\\Mozilla Firefox\\AccessibleMarshal.dll","2","",\N,"0000-00-00 00:00:00","2018-02-10 05:43:22"
"116","HKEY_LOCAL_MACHINE\\Software\\Classes\\CLSID\\{1BAA303D-B4B9-45E5-9CCB-E3FCA3E274B6}\\InprocHandler32",\N,"","C:\\Program Files\\Mozilla Firefox\\AccessibleHandler.dll",\N,"",\N,"0000-00-00 00:00:00","2018-02-10 05:43:22"
"121","HKEY_LOCAL_MACHINE\\Software\\Classes\\CLSID\\{DCA8D857-1A63-4045-8F36-8809EB093D04}\\InProcServer32",\N,"","C:\\Program Files\\Mozilla Firefox\\AccessibleHandler.dll","2","",\N,"0000-00-00 00:00:00","2018-02-10 05:43:22"
"123","HKEY_LOCAL_MACHINE\\Software\\Classes\\FirefoxHTML-308046B0AF4A39CB","2","","",\N,"",\N,"0000-00-00 00:00:00","2018-02-10 05:43:24"
"124","HKEY_LOCAL_MACHINE\\Software\\Classes\\FirefoxHTML-308046B0AF4A39CB",\N,"","Firefox Document","2","",\N,"0000-00-00 00:00:00","2018-02-10 05:43:24"
"125","HKEY_LOCAL_MACHINE\\Software\\Classes\\FirefoxHTML-308046B0AF4A39CB",\N,"FriendlyTypeName","Firefox Document","2","",\N,"0000-00-00 00:00:00","2018-02-10 05:43:24"
"126","HKEY_LOCAL_MACHINE\\Software\\Classes\\FirefoxHTML-308046B0AF4A39CB",\N,"EditFlags","2","1","",\N,"0000-00-00 00:00:00","2018-02-10 05:43:24"
"127","HKEY_LOCAL_MACHINE\\Software\\Classes\\FirefoxHTML-308046B0AF4A39CB\\DefaultIcon","2","","",\N,"",\N,"0000-00-00 00:00:00","2018-02-10 05:43:24"
"128","HKEY_LOCAL_MACHINE\\Software\\Classes\\FirefoxHTML-308046B0AF4A39CB\\DefaultIcon",\N,"","C:\\Program Files\\Mozilla Firefox\\firefox.exe,1","2","",\N,"0000-00-00 00:00:00","2018-02-10 05:43:24"
"129","HKEY_LOCAL_MACHINE\\Software\\Classes\\FirefoxHTML-308046B0AF4A39CB\\shell","2","","",\N,"",\N,"0000-00-00 00:00:00","2018-02-10 05:43:24"
"130","HKEY_LOCAL_MACHINE\\Software\\Classes\\FirefoxHTML-308046B0AF4A39CB\\shell",\N,"","open","2","",\N,"0000-00-00 00:00:00","2018-02-10 05:43:24"
"131","HKEY_LOCAL_MACHINE\\Software\\Classes\\FirefoxHTML-308046B0AF4A39CB\\shell\\open","2","","",\N,"",\N,"0000-00-00 00:00:00","2018-02-10 05:43:24"
"132","HKEY_LOCAL_MACHINE\\Software\\Classes\\FirefoxHTML-308046B0AF4A39CB\\shell\\open\\command","2","","",\N,"",\N,"0000-00-00 00:00:00","2018-02-10 05:43:24"
"133","HKEY_LOCAL_MACHINE\\Software\\Classes\\FirefoxHTML-308046B0AF4A39CB\\shell\\open\\command",\N,"","\"C:\\Program Files\\Mozilla Firefox\\firefox.exe\" -osint -url \"%1\"","2","",\N,"0000-00-00 00:00:00","2018-02-10 05:43:24"
"134","HKEY_LOCAL_MACHINE\\Software\\Classes\\FirefoxHTML-308046B0AF4A39CB\\shell\\open\\ddeexec","2","","",\N,"",\N,"0000-00-00 00:00:00","2018-02-10 05:43:24"
"135","HKEY_LOCAL_MACHINE\\Software\\Classes\\FirefoxHTML-308046B0AF4A39CB\\shell\\open\\ddeexec",\N,"","","2","",\N,"0000-00-00 00:00:00","2018-02-10 05:43:24"
"136","HKEY_LOCAL_MACHINE\\Software\\Classes\\FirefoxURL-308046B0AF4A39CB","2","","",\N,"",\N,"0000-00-00 00:00:00","2018-02-10 05:43:24"
"137","HKEY_LOCAL_MACHINE\\Software\\Classes\\FirefoxURL-308046B0AF4A39CB",\N,"","Firefox URL","2","",\N,"0000-00-00 00:00:00","2018-02-10 05:43:24"
"138","HKEY_LOCAL_MACHINE\\Software\\Classes\\FirefoxURL-308046B0AF4A39CB",\N,"FriendlyTypeName","Firefox URL","2","",\N,"0000-00-00 00:00:00","2018-02-10 05:43:24"
"139","HKEY_LOCAL_MACHINE\\Software\\Classes\\FirefoxURL-308046B0AF4A39CB",\N,"URL Protocol","","2","",\N,"0000-00-00 00:00:00","2018-02-10 05:43:24"
"140","HKEY_LOCAL_MACHINE\\Software\\Classes\\FirefoxURL-308046B0AF4A39CB",\N,"EditFlags","2","1","",\N,"0000-00-00 00:00:00","2018-02-10 05:43:24"
"141","HKEY_LOCAL_MACHINE\\Software\\Classes\\FirefoxURL-308046B0AF4A39CB\\DefaultIcon","2","","",\N,"",\N,"0000-00-00 00:00:00","2018-02-10 05:43:24"
"142","HKEY_LOCAL_MACHINE\\Software\\Classes\\FirefoxURL-308046B0AF4A39CB\\DefaultIcon",\N,"","C:\\Program Files\\Mozilla Firefox\\firefox.exe,1","2","",\N,"0000-00-00 00:00:00","2018-02-10 05:43:24"
"143","HKEY_LOCAL_MACHINE\\Software\\Classes\\FirefoxURL-308046B0AF4A39CB\\shell","2","","",\N,"",\N,"0000-00-00 00:00:00","2018-02-10 05:43:24"
"144","HKEY_LOCAL_MACHINE\\Software\\Classes\\FirefoxURL-308046B0AF4A39CB\\shell",\N,"","open","2","",\N,"0000-00-00 00:00:00","2018-02-10 05:43:24"
"145","HKEY_LOCAL_MACHINE\\Software\\Classes\\FirefoxURL-308046B0AF4A39CB\\shell\\open","2","","",\N,"",\N,"0000-00-00 00:00:00","2018-02-10 05:43:24"
"146","HKEY_LOCAL_MACHINE\\Software\\Classes\\FirefoxURL-308046B0AF4A39CB\\shell\\open\\command","2","","",\N,"",\N,"0000-00-00 00:00:00","2018-02-10 05:43:24"
"147","HKEY_LOCAL_MACHINE\\Software\\Classes\\FirefoxURL-308046B0AF4A39CB\\shell\\open\\command",\N,"","\"C:\\Program Files\\Mozilla Firefox\\firefox.exe\" -osint -url \"%1\"","2","",\N,"0000-00-00 00:00:00","2018-02-10 05:43:24"
"148","HKEY_LOCAL_MACHINE\\Software\\Classes\\FirefoxURL-308046B0AF4A39CB\\shell\\open\\ddeexec","2","","",\N,"",\N,"0000-00-00 00:00:00","2018-02-10 05:43:24"
"149","HKEY_LOCAL_MACHINE\\Software\\Classes\\FirefoxURL-308046B0AF4A39CB\\shell\\open\\ddeexec",\N,"","","2","",\N,"0000-00-00 00:00:00","2018-02-10 05:43:24"
"188","HKEY_LOCAL_MACHINE\\Software\\Clients\\StartMenuInternet\\Firefox-308046B0AF4A39CB","2","","",\N,"",\N,"0000-00-00 00:00:00","2018-02-10 05:43:24"
"189","HKEY_LOCAL_MACHINE\\Software\\Clients\\StartMenuInternet\\Firefox-308046B0AF4A39CB",\N,"","Mozilla Firefox","2","",\N,"0000-00-00 00:00:00","2018-02-10 05:43:24"
"190","HKEY_LOCAL_MACHINE\\Software\\Clients\\StartMenuInternet\\Firefox-308046B0AF4A39CB\\Capabilities","2","","",\N,"",\N,"0000-00-00 00:00:00","2018-02-10 05:43:24"
"191","HKEY_LOCAL_MACHINE\\Software\\Clients\\StartMenuInternet\\Firefox-308046B0AF4A39CB\\Capabilities",\N,"ApplicationDescription","Firefox delivers safe, easy web browsing. A familiar user interface, enhanced security features including protection from online identity theft, and integrated search let you get the most out of the web.","2","",\N,"0000-00-00 00:00:00","2018-02-10 05:43:24"
"192","HKEY_LOCAL_MACHINE\\Software\\Clients\\StartMenuInternet\\Firefox-308046B0AF4A39CB\\Capabilities",\N,"ApplicationIcon","C:\\Program Files\\Mozilla Firefox\\firefox.exe,0","2","",\N,"0000-00-00 00:00:00","2018-02-10 05:43:24"
"193","HKEY_LOCAL_MACHINE\\Software\\Clients\\StartMenuInternet\\Firefox-308046B0AF4A39CB\\Capabilities",\N,"ApplicationName","Firefox","2","",\N,"0000-00-00 00:00:00","2018-02-10 05:43:24"
"194","HKEY_LOCAL_MACHINE\\Software\\Clients\\StartMenuInternet\\Firefox-308046B0AF4A39CB\\Capabilities\\FileAssociations","2","","",\N,"",\N,"0000-00-00 00:00:00","2018-02-10 05:43:24"
"195","HKEY_LOCAL_MACHINE\\Software\\Clients\\StartMenuInternet\\Firefox-308046B0AF4A39CB\\Capabilities\\FileAssociations",\N,".htm","FirefoxHTML-308046B0AF4A39CB","2","",\N,"0000-00-00 00:00:00","2018-02-10 05:43:24"
"196","HKEY_LOCAL_MACHINE\\Software\\Clients\\StartMenuInternet\\Firefox-308046B0AF4A39CB\\Capabilities\\FileAssociations",\N,".html","FirefoxHTML-308046B0AF4A39CB","2","",\N,"0000-00-00 00:00:00","2018-02-10 05:43:24"
"197","HKEY_LOCAL_MACHINE\\Software\\Clients\\StartMenuInternet\\Firefox-308046B0AF4A39CB\\Capabilities\\FileAssociations",\N,".shtml","FirefoxHTML-308046B0AF4A39CB","2","",\N,"0000-00-00 00:00:00","2018-02-10 05:43:24"
"198","HKEY_LOCAL_MACHINE\\Software\\Clients\\StartMenuInternet\\Firefox-308046B0AF4A39CB\\Capabilities\\FileAssociations",\N,".xht","FirefoxHTML-308046B0AF4A39CB","2","",\N,"0000-00-00 00:00:00","2018-02-10 05:43:24"
"199","HKEY_LOCAL_MACHINE\\Software\\Clients\\StartMenuInternet\\Firefox-308046B0AF4A39CB\\Capabilities\\FileAssociations",\N,".xhtml","FirefoxHTML-308046B0AF4A39CB","2","",\N,"0000-00-00 00:00:00","2018-02-10 05:43:24"
"200","HKEY_LOCAL_MACHINE\\Software\\Clients\\StartMenuInternet\\Firefox-308046B0AF4A39CB\\Capabilities\\StartMenu","2","","",\N,"",\N,"0000-00-00 00:00:00","2018-02-10 05:43:24"
"201","HKEY_LOCAL_MACHINE\\Software\\Clients\\StartMenuInternet\\Firefox-308046B0AF4A39CB\\Capabilities\\StartMenu",\N,"StartMenuInternet","Firefox-308046B0AF4A39CB","2","",\N,"0000-00-00 00:00:00","2018-02-10 05:43:24"
"202","HKEY_LOCAL_MACHINE\\Software\\Clients\\StartMenuInternet\\Firefox-308046B0AF4A39CB\\Capabilities\\URLAssociations","2","","",\N,"",\N,"0000-00-00 00:00:00","2018-02-10 05:43:24"
"203","HKEY_LOCAL_MACHINE\\Software\\Clients\\StartMenuInternet\\Firefox-308046B0AF4A39CB\\Capabilities\\URLAssociations",\N,"ftp","FirefoxURL-308046B0AF4A39CB","2","",\N,"0000-00-00 00:00:00","2018-02-10 05:43:24"
"204","HKEY_LOCAL_MACHINE\\Software\\Clients\\StartMenuInternet\\Firefox-308046B0AF4A39CB\\Capabilities\\URLAssociations",\N,"http","FirefoxURL-308046B0AF4A39CB","2","",\N,"0000-00-00 00:00:00","2018-02-10 05:43:24"
"205","HKEY_LOCAL_MACHINE\\Software\\Clients\\StartMenuInternet\\Firefox-308046B0AF4A39CB\\Capabilities\\URLAssociations",\N,"https","FirefoxURL-308046B0AF4A39CB","2","",\N,"0000-00-00 00:00:00","2018-02-10 05:43:24"
"206","HKEY_LOCAL_MACHINE\\Software\\Clients\\StartMenuInternet\\Firefox-308046B0AF4A39CB\\DefaultIcon","2","","",\N,"",\N,"0000-00-00 00:00:00","2018-02-10 05:43:24"
"207","HKEY_LOCAL_MACHINE\\Software\\Clients\\StartMenuInternet\\Firefox-308046B0AF4A39CB\\DefaultIcon",\N,"","C:\\Program Files\\Mozilla Firefox\\firefox.exe,0","2","",\N,"0000-00-00 00:00:00","2018-02-10 05:43:24"
"208","HKEY_LOCAL_MACHINE\\Software\\Clients\\StartMenuInternet\\Firefox-308046B0AF4A39CB\\InstallInfo","2","","",\N,"",\N,"0000-00-00 00:00:00","2018-02-10 05:43:24"
"209","HKEY_LOCAL_MACHINE\\Software\\Clients\\StartMenuInternet\\Firefox-308046B0AF4A39CB\\InstallInfo",\N,"HideIconsCommand","\"C:\\Program Files\\Mozilla Firefox\\uninstall\\helper.exe\" /HideShortcuts","2","",\N,"0000-00-00 00:00:00","2018-02-10 05:43:24"
"210","HKEY_LOCAL_MACHINE\\Software\\Clients\\StartMenuInternet\\Firefox-308046B0AF4A39CB\\InstallInfo",\N,"ShowIconsCommand","\"C:\\Program Files\\Mozilla Firefox\\uninstall\\helper.exe\" /ShowShortcuts","2","",\N,"0000-00-00 00:00:00","2018-02-10 05:43:24"
"211","HKEY_LOCAL_MACHINE\\Software\\Clients\\StartMenuInternet\\Firefox-308046B0AF4A39CB\\InstallInfo",\N,"ReinstallCommand","\"C:\\Program Files\\Mozilla Firefox\\uninstall\\helper.exe\" /SetAsDefaultAppGlobal","2","",\N,"0000-00-00 00:00:00","2018-02-10 05:43:24"
"212","HKEY_LOCAL_MACHINE\\Software\\Clients\\StartMenuInternet\\Firefox-308046B0AF4A39CB\\InstallInfo",\N,"IconsVisible","1","1","",\N,"0000-00-00 00:00:00","2018-02-10 05:43:24"
"213","HKEY_LOCAL_MACHINE\\Software\\Clients\\StartMenuInternet\\Firefox-308046B0AF4A39CB\\shell","2","","",\N,"",\N,"0000-00-00 00:00:00","2018-02-10 05:43:24"
"214","HKEY_LOCAL_MACHINE\\Software\\Clients\\StartMenuInternet\\Firefox-308046B0AF4A39CB\\shell\\open","2","","",\N,"",\N,"0000-00-00 00:00:00","2018-02-10 05:43:24"
"215","HKEY_LOCAL_MACHINE\\Software\\Clients\\StartMenuInternet\\Firefox-308046B0AF4A39CB\\shell\\open\\command","2","","",\N,"",\N,"0000-00-00 00:00:00","2018-02-10 05:43:24"
"216","HKEY_LOCAL_MACHINE\\Software\\Clients\\StartMenuInternet\\Firefox-308046B0AF4A39CB\\shell\\open\\command",\N,"","\"C:\\Program Files\\Mozilla Firefox\\firefox.exe\"","2","",\N,"0000-00-00 00:00:00","2018-02-10 05:43:24"
"217","HKEY_LOCAL_MACHINE\\Software\\Clients\\StartMenuInternet\\Firefox-308046B0AF4A39CB\\shell\\properties","2","","",\N,"",\N,"0000-00-00 00:00:00","2018-02-10 05:43:24"
"218","HKEY_LOCAL_MACHINE\\Software\\Clients\\StartMenuInternet\\Firefox-308046B0AF4A39CB\\shell\\properties",\N,"","Firefox &Options","2","",\N,"0000-00-00 00:00:00","2018-02-10 05:43:24"
"219","HKEY_LOCAL_MACHINE\\Software\\Clients\\StartMenuInternet\\Firefox-308046B0AF4A39CB\\shell\\properties\\command","2","","",\N,"",\N,"0000-00-00 00:00:00","2018-02-10 05:43:24"
"220","HKEY_LOCAL_MACHINE\\Software\\Clients\\StartMenuInternet\\Firefox-308046B0AF4A39CB\\shell\\properties\\command",\N,"","\"C:\\Program Files\\Mozilla Firefox\\firefox.exe\" -preferences","2","",\N,"0000-00-00 00:00:00","2018-02-10 05:43:24"
"221","HKEY_LOCAL_MACHINE\\Software\\Clients\\StartMenuInternet\\Firefox-308046B0AF4A39CB\\shell\\safemode","2","","",\N,"",\N,"0000-00-00 00:00:00","2018-02-10 05:43:24"
"222","HKEY_LOCAL_MACHINE\\Software\\Clients\\StartMenuInternet\\Firefox-308046B0AF4A39CB\\shell\\safemode",\N,"","Firefox &Safe Mode","2","",\N,"0000-00-00 00:00:00","2018-02-10 05:43:24"
"223","HKEY_LOCAL_MACHINE\\Software\\Clients\\StartMenuInternet\\Firefox-308046B0AF4A39CB\\shell\\safemode\\command","2","","",\N,"",\N,"0000-00-00 00:00:00","2018-02-10 05:43:24"
"224","HKEY_LOCAL_MACHINE\\Software\\Clients\\StartMenuInternet\\Firefox-308046B0AF4A39CB\\shell\\safemode\\command",\N,"","\"C:\\Program Files\\Mozilla Firefox\\firefox.exe\" -safe-mode","2","",\N,"0000-00-00 00:00:00","2018-02-10 05:43:24"
"274","HKEY_LOCAL_MACHINE\\Software\\Microsoft\\Windows\\CurrentVersion\\App Paths\\firefox.exe","2","","",\N,"",\N,"0000-00-00 00:00:00","2018-02-10 05:43:24"
"275","HKEY_LOCAL_MACHINE\\Software\\Microsoft\\Windows\\CurrentVersion\\App Paths\\firefox.exe",\N,"","C:\\Program Files\\Mozilla Firefox\\firefox.exe","2","",\N,"0000-00-00 00:00:00","2018-02-10 05:43:24"
"276","HKEY_LOCAL_MACHINE\\Software\\Microsoft\\Windows\\CurrentVersion\\App Paths\\firefox.exe",\N,"Path","C:\\Program Files\\Mozilla Firefox","2","",\N,"0000-00-00 00:00:00","2018-02-10 05:43:24"
"306","HKEY_LOCAL_MACHINE\\Software\\Microsoft\\Windows\\CurrentVersion\\Uninstall\\Mozilla Firefox 58.0.2 (x86 en-US)","2","","",\N,"",\N,"0000-00-00 00:00:00","2018-02-10 05:43:24"
"307","HKEY_LOCAL_MACHINE\\Software\\Microsoft\\Windows\\CurrentVersion\\Uninstall\\Mozilla Firefox 58.0.2 (x86 en-US)",\N,"Comments","Mozilla Firefox 58.0.2 (x86 en-US)","2","",\N,"0000-00-00 00:00:00","2018-02-10 05:43:24"
"308","HKEY_LOCAL_MACHINE\\Software\\Microsoft\\Windows\\CurrentVersion\\Uninstall\\Mozilla Firefox 58.0.2 (x86 en-US)",\N,"DisplayIcon","C:\\Program Files\\Mozilla Firefox\\firefox.exe,0","2","",\N,"0000-00-00 00:00:00","2018-02-10 05:43:24"
"309","HKEY_LOCAL_MACHINE\\Software\\Microsoft\\Windows\\CurrentVersion\\Uninstall\\Mozilla Firefox 58.0.2 (x86 en-US)",\N,"DisplayName","Mozilla Firefox 58.0.2 (x86 en-US)","2","",\N,"0000-00-00 00:00:00","2018-02-10 05:43:24"
"310","HKEY_LOCAL_MACHINE\\Software\\Microsoft\\Windows\\CurrentVersion\\Uninstall\\Mozilla Firefox 58.0.2 (x86 en-US)",\N,"DisplayVersion","58.0.2","2","",\N,"0000-00-00 00:00:00","2018-02-10 05:43:24"
"311","HKEY_LOCAL_MACHINE\\Software\\Microsoft\\Windows\\CurrentVersion\\Uninstall\\Mozilla Firefox 58.0.2 (x86 en-US)",\N,"HelpLink","https://support.mozilla.org","2","",\N,"0000-00-00 00:00:00","2018-02-10 05:43:24"
"312","HKEY_LOCAL_MACHINE\\Software\\Microsoft\\Windows\\CurrentVersion\\Uninstall\\Mozilla Firefox 58.0.2 (x86 en-US)",\N,"InstallLocation","C:\\Program Files\\Mozilla Firefox","2","",\N,"0000-00-00 00:00:00","2018-02-10 05:43:24"
"313","HKEY_LOCAL_MACHINE\\Software\\Microsoft\\Windows\\CurrentVersion\\Uninstall\\Mozilla Firefox 58.0.2 (x86 en-US)",\N,"Publisher","Mozilla","2","",\N,"0000-00-00 00:00:00","2018-02-10 05:43:24"
"314","HKEY_LOCAL_MACHINE\\Software\\Microsoft\\Windows\\CurrentVersion\\Uninstall\\Mozilla Firefox 58.0.2 (x86 en-US)",\N,"UninstallString","\"C:\\Program Files\\Mozilla Firefox\\uninstall\\helper.exe\"","2","",\N,"0000-00-00 00:00:00","2018-02-10 05:43:24"
"315","HKEY_LOCAL_MACHINE\\Software\\Microsoft\\Windows\\CurrentVersion\\Uninstall\\Mozilla Firefox 58.0.2 (x86 en-US)",\N,"URLUpdateInfo","https://www.mozilla.org/firefox/58.0.2/releasenotes","2","",\N,"0000-00-00 00:00:00","2018-02-10 05:43:24"
"316","HKEY_LOCAL_MACHINE\\Software\\Microsoft\\Windows\\CurrentVersion\\Uninstall\\Mozilla Firefox 58.0.2 (x86 en-US)",\N,"URLInfoAbout","https://www.mozilla.org","2","",\N,"0000-00-00 00:00:00","2018-02-10 05:43:24"
"317","HKEY_LOCAL_MACHINE\\Software\\Microsoft\\Windows\\CurrentVersion\\Uninstall\\Mozilla Firefox 58.0.2 (x86 en-US)",\N,"NoModify","1","1","",\N,"0000-00-00 00:00:00","2018-02-10 05:43:24"
"318","HKEY_LOCAL_MACHINE\\Software\\Microsoft\\Windows\\CurrentVersion\\Uninstall\\Mozilla Firefox 58.0.2 (x86 en-US)",\N,"NoRepair","1","1","",\N,"0000-00-00 00:00:00","2018-02-10 05:43:24"
"319","HKEY_LOCAL_MACHINE\\Software\\Microsoft\\Windows\\CurrentVersion\\Uninstall\\Mozilla Firefox 58.0.2 (x86 en-US)",\N,"EstimatedSize","134706","1","",\N,"0000-00-00 00:00:00","2018-02-10 05:43:24"
"320","HKEY_LOCAL_MACHINE\\Software\\Microsoft\\Windows\\CurrentVersion\\Uninstall\\MozillaMaintenanceService","2","","",\N,"",\N,"0000-00-00 00:00:00","2018-02-10 05:43:24"
"321","HKEY_LOCAL_MACHINE\\Software\\Microsoft\\Windows\\CurrentVersion\\Uninstall\\MozillaMaintenanceService",\N,"DisplayName","Mozilla Maintenance Service","2","",\N,"0000-00-00 00:00:00","2018-02-10 05:43:24"
"322","HKEY_LOCAL_MACHINE\\Software\\Microsoft\\Windows\\CurrentVersion\\Uninstall\\MozillaMaintenanceService",\N,"UninstallString","\"C:\\Program Files\\Mozilla Maintenance Service\\uninstall.exe\"","2","",\N,"0000-00-00 00:00:00","2018-02-10 05:43:24"
"323","HKEY_LOCAL_MACHINE\\Software\\Microsoft\\Windows\\CurrentVersion\\Uninstall\\MozillaMaintenanceService",\N,"DisplayIcon","C:\\Program Files\\Mozilla Maintenance Service\\Uninstall.exe,0","2","",\N,"0000-00-00 00:00:00","2018-02-10 05:43:24"
"324","HKEY_LOCAL_MACHINE\\Software\\Microsoft\\Windows\\CurrentVersion\\Uninstall\\MozillaMaintenanceService",\N,"DisplayVersion","58.0.2","2","",\N,"0000-00-00 00:00:00","2018-02-10 05:43:24"
"325","HKEY_LOCAL_MACHINE\\Software\\Microsoft\\Windows\\CurrentVersion\\Uninstall\\MozillaMaintenanceService",\N,"Publisher","Mozilla","2","",\N,"0000-00-00 00:00:00","2018-02-10 05:43:24"
"326","HKEY_LOCAL_MACHINE\\Software\\Microsoft\\Windows\\CurrentVersion\\Uninstall\\MozillaMaintenanceService",\N,"Comments","Mozilla Maintenance Service","2","",\N,"0000-00-00 00:00:00","2018-02-10 05:43:24"
"327","HKEY_LOCAL_MACHINE\\Software\\Microsoft\\Windows\\CurrentVersion\\Uninstall\\MozillaMaintenanceService",\N,"NoModify","1","1","",\N,"0000-00-00 00:00:00","2018-02-10 05:43:24"
"328","HKEY_LOCAL_MACHINE\\Software\\Microsoft\\Windows\\CurrentVersion\\Uninstall\\MozillaMaintenanceService",\N,"EstimatedSize","259","1","",\N,"0000-00-00 00:00:00","2018-02-10 05:43:24"
"332","HKEY_LOCAL_MACHINE\\Software\\Mozilla","2","","",\N,"",\N,"0000-00-00 00:00:00","2018-02-10 05:43:24"
"333","HKEY_LOCAL_MACHINE\\Software\\mozilla.org","2","","",\N,"",\N,"0000-00-00 00:00:00","2018-02-10 05:43:22"
"334","HKEY_LOCAL_MACHINE\\Software\\mozilla.org\\Mozilla","2","","",\N,"",\N,"0000-00-00 00:00:00","2018-02-10 05:43:22"
"335","HKEY_LOCAL_MACHINE\\Software\\mozilla.org\\Mozilla",\N,"CurrentVersion","58.0.2","2","",\N,"0000-00-00 00:00:00","2018-02-10 05:43:22"
"336","HKEY_LOCAL_MACHINE\\Software\\Mozilla\\Firefox","2","","",\N,"",\N,"0000-00-00 00:00:00","2018-02-10 05:43:20"
"337","HKEY_LOCAL_MACHINE\\Software\\Mozilla\\Firefox\\TaskBarIDs","2","","",\N,"",\N,"0000-00-00 00:00:00","2018-02-10 05:43:20"
"338","HKEY_LOCAL_MACHINE\\Software\\Mozilla\\Firefox\\TaskBarIDs",\N,"C:\\Program Files\\Mozilla Firefox","308046B0AF4A39CB","2","",\N,"0000-00-00 00:00:00","2018-02-10 05:43:20"
"339","HKEY_LOCAL_MACHINE\\Software\\Mozilla\\MaintenanceService","2","","",\N,"",\N,"0000-00-00 00:00:00","2018-02-10 05:43:24"
"340","HKEY_LOCAL_MACHINE\\Software\\Mozilla\\MaintenanceService",\N,"Attempted","1","1","",\N,"0000-00-00 00:00:00","2018-02-10 05:43:24"
"341","HKEY_LOCAL_MACHINE\\Software\\Mozilla\\MaintenanceService",\N,"Installed","1","1","",\N,"0000-00-00 00:00:00","2018-02-10 05:43:24"
"342","HKEY_LOCAL_MACHINE\\Software\\Mozilla\\MaintenanceService\\f9b87e891978e3145f0f8f9953eadc00","2","","",\N,"",\N,"0000-00-00 00:00:00","2018-02-10 05:43:24"
"343","HKEY_LOCAL_MACHINE\\Software\\Mozilla\\MaintenanceService\\f9b87e891978e3145f0f8f9953eadc00\\0","2","","",\N,"",\N,"0000-00-00 00:00:00","2018-02-10 05:43:24"
"344","HKEY_LOCAL_MACHINE\\Software\\Mozilla\\MaintenanceService\\f9b87e891978e3145f0f8f9953eadc00\\0",\N,"name","Mozilla Corporation","2","",\N,"0000-00-00 00:00:00","2018-02-10 05:43:24"
"345","HKEY_LOCAL_MACHINE\\Software\\Mozilla\\MaintenanceService\\f9b87e891978e3145f0f8f9953eadc00\\0",\N,"issuer","DigiCert SHA2 Assured ID Code Signing CA","2","",\N,"0000-00-00 00:00:00","2018-02-10 05:43:24"
"346","HKEY_LOCAL_MACHINE\\Software\\Mozilla\\MaintenanceService\\f9b87e891978e3145f0f8f9953eadc00\\1","2","","",\N,"",\N,"0000-00-00 00:00:00","2018-02-10 05:43:24"
"347","HKEY_LOCAL_MACHINE\\Software\\Mozilla\\MaintenanceService\\f9b87e891978e3145f0f8f9953eadc00\\1",\N,"name","Mozilla Corporation","2","",\N,"0000-00-00 00:00:00","2018-02-10 05:43:24"
"348","HKEY_LOCAL_MACHINE\\Software\\Mozilla\\MaintenanceService\\f9b87e891978e3145f0f8f9953eadc00\\1",\N,"issuer","DigiCert Assured ID Code Signing CA-1","2","",\N,"0000-00-00 00:00:00","2018-02-10 05:43:24"
"349","HKEY_LOCAL_MACHINE\\Software\\Mozilla\\Mozilla Firefox","2","","",\N,"",\N,"0000-00-00 00:00:00","2018-02-10 05:43:22"
"350","HKEY_LOCAL_MACHINE\\Software\\Mozilla\\Mozilla Firefox",\N,"","58.0.2","2","",\N,"0000-00-00 00:00:00","2018-02-10 05:43:22"
"351","HKEY_LOCAL_MACHINE\\Software\\Mozilla\\Mozilla Firefox",\N,"CurrentVersion","58.0.2 (x86 en-US)","2","",\N,"0000-00-00 00:00:00","2018-02-10 05:43:22"
"352","HKEY_LOCAL_MACHINE\\Software\\Mozilla\\Mozilla Firefox 58.0.2","2","","",\N,"",\N,"0000-00-00 00:00:00","2018-02-10 05:43:22"
"353","HKEY_LOCAL_MACHINE\\Software\\Mozilla\\Mozilla Firefox 58.0.2",\N,"GeckoVer","58.0.2","2","",\N,"0000-00-00 00:00:00","2018-02-10 05:43:22"
"354","HKEY_LOCAL_MACHINE\\Software\\Mozilla\\Mozilla Firefox 58.0.2\\bin","2","","",\N,"",\N,"0000-00-00 00:00:00","2018-02-10 05:43:22"
"355","HKEY_LOCAL_MACHINE\\Software\\Mozilla\\Mozilla Firefox 58.0.2\\bin",\N,"PathToExe","C:\\Program Files\\Mozilla Firefox\\firefox.exe","2","",\N,"0000-00-00 00:00:00","2018-02-10 05:43:22"
"356","HKEY_LOCAL_MACHINE\\Software\\Mozilla\\Mozilla Firefox 58.0.2\\extensions","2","","",\N,"",\N,"0000-00-00 00:00:00","2018-02-10 05:43:22"
"357","HKEY_LOCAL_MACHINE\\Software\\Mozilla\\Mozilla Firefox 58.0.2\\extensions",\N,"Components","C:\\Program Files\\Mozilla Firefox\\components","2","",\N,"0000-00-00 00:00:00","2018-02-10 05:43:22"
"358","HKEY_LOCAL_MACHINE\\Software\\Mozilla\\Mozilla Firefox 58.0.2\\extensions",\N,"Plugins","C:\\Program Files\\Mozilla Firefox\\plugins","2","",\N,"0000-00-00 00:00:00","2018-02-10 05:43:22"
"359","HKEY_LOCAL_MACHINE\\Software\\Mozilla\\Mozilla Firefox\\58.0.2 (x86 en-US)","2","","",\N,"",\N,"0000-00-00 00:00:00","2018-02-10 05:43:22"
"360","HKEY_LOCAL_MACHINE\\Software\\Mozilla\\Mozilla Firefox\\58.0.2 (x86 en-US)",\N,"","58.0.2 (x86 en-US)","2","",\N,"0000-00-00 00:00:00","2018-02-10 05:43:22"
"361","HKEY_LOCAL_MACHINE\\Software\\Mozilla\\Mozilla Firefox\\58.0.2 (x86 en-US)\\Main","2","","",\N,"",\N,"0000-00-00 00:00:00","2018-02-10 05:43:22"
"362","HKEY_LOCAL_MACHINE\\Software\\Mozilla\\Mozilla Firefox\\58.0.2 (x86 en-US)\\Main",\N,"Install Directory","C:\\Program Files\\Mozilla Firefox","2","",\N,"0000-00-00 00:00:00","2018-02-10 05:43:22"
"363","HKEY_LOCAL_MACHINE\\Software\\Mozilla\\Mozilla Firefox\\58.0.2 (x86 en-US)\\Main",\N,"PathToExe","C:\\Program Files\\Mozilla Firefox\\firefox.exe","2","",\N,"0000-00-00 00:00:00","2018-02-10 05:43:22"
"364","HKEY_LOCAL_MACHINE\\Software\\Mozilla\\Mozilla Firefox\\58.0.2 (x86 en-US)\\Uninstall","2","","",\N,"",\N,"0000-00-00 00:00:00","2018-02-10 05:43:22"
"365","HKEY_LOCAL_MACHINE\\Software\\Mozilla\\Mozilla Firefox\\58.0.2 (x86 en-US)\\Uninstall",\N,"Description","Mozilla Firefox 58.0.2 (x86 en-US)","2","",\N,"0000-00-00 00:00:00","2018-02-10 05:43:22"
"366","HKEY_LOCAL_MACHINE\\Software\\RegisteredApplications",\N,"Firefox-308046B0AF4A39CB","Software\\Clients\\StartMenuInternet\\Firefox-308046B0AF4A39CB\\Capabilities","2","",\N,"2017-09-29 13:37:45","2018-02-10 05:43:24"
"454","HKEY_LOCAL_MACHINE\\System\\ControlSet001\\Services\\bam\\UserSettings\\S-1-5-21-2119625379-2900472558-1849789986-1001",\N,"\\Device\\HarddiskVolume2\\Program Files\\Mozilla Firefox\\firefox.exe","A9 9C 23 1C 32 A2 D3 01 00 00 00 00 00 00 00 00 00 00 00 00 02 00 00 00 ","3","",\N,"2018-02-10 05:53:08","2018-02-10 05:43:49"
"457","HKEY_LOCAL_MACHINE\\System\\ControlSet001\\Services\\MozillaMaintenance","2","","",\N,"",\N,"0000-00-00 00:00:00","2018-02-10 05:43:24"
"458","HKEY_LOCAL_MACHINE\\System\\ControlSet001\\Services\\MozillaMaintenance",\N,"Type","16","1","",\N,"0000-00-00 00:00:00","2018-02-10 05:43:24"
"459","HKEY_LOCAL_MACHINE\\System\\ControlSet001\\Services\\MozillaMaintenance",\N,"Start","3","1","",\N,"0000-00-00 00:00:00","2018-02-10 05:43:24"
"460","HKEY_LOCAL_MACHINE\\System\\ControlSet001\\Services\\MozillaMaintenance",\N,"ErrorControl","1","1","",\N,"0000-00-00 00:00:00","2018-02-10 05:43:24"
"461","HKEY_LOCAL_MACHINE\\System\\ControlSet001\\Services\\MozillaMaintenance",\N,"ImagePath","\"C:\\Program Files\\Mozilla Maintenance Service\\maintenanceservice.exe\"",\N,"",\N,"0000-00-00 00:00:00","2018-02-10 05:43:24"
"462","HKEY_LOCAL_MACHINE\\System\\ControlSet001\\Services\\MozillaMaintenance",\N,"DisplayName","Mozilla Maintenance Service","2","",\N,"0000-00-00 00:00:00","2018-02-10 05:43:24"
"463","HKEY_LOCAL_MACHINE\\System\\ControlSet001\\Services\\MozillaMaintenance",\N,"ObjectName","LocalSystem","2","",\N,"0000-00-00 00:00:00","2018-02-10 05:43:24"
"464","HKEY_LOCAL_MACHINE\\System\\ControlSet001\\Services\\MozillaMaintenance",\N,"Description","The Mozilla Maintenance Service ensures that you have the latest and most secure version of Mozilla Firefox on your computer. Keeping Firefox up to date is very important for your online security, and Mozilla strongly recommends that you keep this service enabled.","2","",\N,"0000-00-00 00:00:00","2018-02-10 05:43:24"
"465","HKEY_LOCAL_MACHINE\\System\\ControlSet001\\Services\\MozillaMaintenance\\Security","2","","",\N,"",\N,"0000-00-00 00:00:00","2018-02-10 05:43:24"
"466","HKEY_LOCAL_MACHINE\\System\\ControlSet001\\Services\\MozillaMaintenance\\Security",\N,"Security","01 00 14 80 A4 00 00 00 B0 00 00 00 14 00 00 00 30 00 00 00 02 00 1C 00 01 00 00 00 02 80 14 00 FF 01 0F 00 01 01 00 00 00 00 00 01 00 00 00 00 02 00 74 00 05 00 00 00 00 00 18 00 BD 00 02 00 01 02 00 00 00 00 00 05 20 00 00 00 21 02 00 00 00 00 14 00 FD 01 02 00 01 01 00 00 00 00 00 05 12 00 00 00 00 00 18 00 FF 01 0F 00 01 02 00 00 00 00 00 05 20 00 00 00 20 02 00 00 00 00 14 00 8D 01 02 00 01 01 00 00 00 00 00 05 04 00 00 00 00 00 14 00 8D 01 02 00 01 01 00 00 00 00 00 05 06 00 00 00 01 01 00 00 00 00 00 05 12 00 00 00 01 01 00 00 00 00 00 05 12 00 00 00 ","3","",\N,"0000-00-00 00:00:00","2018-02-10 05:43:24"
"470","HKEY_LOCAL_MACHINE\\System\\ControlSet001\\Services\\SharedAccess\\Parameters\\FirewallPolicy\\FirewallRules",\N,"{21845FE8-2748-4400-99E7-552AAE7C33A8}","v2.27|Action=Allow|Active=TRUE|Dir=In|Protocol=6|Profile=Private|App=C:\\Program Files\\Mozilla Firefox\\firefox.exe|Name=Firefox (C:\\Program Files\\Mozilla Firefox)|","2","",\N,"2018-02-10 05:23:17","2018-02-10 05:43:25"
"471","HKEY_LOCAL_MACHINE\\System\\ControlSet001\\Services\\SharedAccess\\Parameters\\FirewallPolicy\\FirewallRules",\N,"{1AFF0D52-3DBC-4DA6-ACB0-6F3645A59A2F}","v2.27|Action=Allow|Active=TRUE|Dir=In|Protocol=17|Profile=Private|App=C:\\Program Files\\Mozilla Firefox\\firefox.exe|Name=Firefox (C:\\Program Files\\Mozilla Firefox)|","2","",\N,"2018-02-10 05:23:17","2018-02-10 05:43:25"
