"5ef1521266da478d44f994db34ed90d1","NONAME [NTFS]\\[root]\\$Bitmap","801568","2018-02-10 12:54:04","2018-02-10 12:54:04","2018-02-10 12:54:04","0"
"a9576b10d7291eecb33ff400edcf42e2","NONAME [NTFS]\\[root]\\$Extend\\$ObjId\\$O","16384","2018-02-10 12:54:04","2018-02-10 12:54:04","2018-02-10 12:54:04","0"
"8cf329df4236e390154b1fda4acc7052","NONAME [NTFS]\\[root]\\$Extend\\$RmMetadata\\$TxfLog\\$I30","4096","2018-02-10 12:54:04","2018-02-10 05:22:48","2018-02-10 05:22:48","0"
"d033fe3e94fdc3562781a01b6b1444e7","NONAME [NTFS]\\[root]\\$Extend\\$RmMetadata\\$TxfLog\\$TxfLog.blf","65536","2018-02-10 12:54:04","2018-02-10 06:16:39","2018-02-10 12:54:04","0"
"08a90c82388152621a01076820abd7c8","NONAME [NTFS]\\[root]\\$Extend\\$RmMetadata\\$TxfLog\\$TxfLogContainer00000000000000000001","10485760","2018-02-10 12:54:04","2018-02-10 06:16:39","2018-02-10 12:54:04","0"
"f763b9034d8412d878ee76730caad214","NONAME [NTFS]\\[root]\\$Extend\\$RmMetadata\\$TxfLog\\$TxfLogContainer00000000000000000003","10485760","2018-02-10 05:22:28","2018-02-10 05:22:28","2018-02-10 05:22:28","1"
"74d33d6444eedd6a2fd0bebc03861da2","NONAME [NTFS]\\[root]\\$Extend\\$RmMetadata\\$TxfLog\\$TxfLogContainer00000000000000000004",\N,"0000-00-00 00:00:00","0000-00-00 00:00:00","0000-00-00 00:00:00","1"
"74d33d6444eedd6a2fd0bebc03861da2","NONAME [NTFS]\\[root]\\$Extend\\$RmMetadata\\$TxfLog\\$TxfLogContainer00000000000000000004","10485760","2018-02-10 05:22:28","2018-02-10 05:22:28","2018-02-10 05:22:28","1"
"1eab9738ea63969f4fdf3fe01c6aa0ca","NONAME [NTFS]\\[root]\\$Extend\\$UsnJrnl\\$J","154368464","2018-02-10 04:56:04","2018-02-10 04:56:04","2018-02-10 04:56:04","0"
"3943e690c5a721e39d8232d35d125985","NONAME [NTFS]\\[root]\\$I30","4096","2017-09-29 05:31:43","2018-02-10 04:57:19","2018-02-10 04:57:19","0"
"d557d8f15145a8c4ca9cbf5209c1ec3f","NONAME [NTFS]\\[root]\\$LogFile","36503552","2018-02-10 12:54:04","2018-02-10 12:54:04","2018-02-10 12:54:04","0"
"edc02ee825db3594ce820cd4c93ff061","NONAME [NTFS]\\[root]\\$MFT","96468992","2018-02-10 12:54:04","2018-02-10 12:54:04","2018-02-10 12:54:04","0"
"d40b431edca14598fe768153f984e412","NONAME [NTFS]\\[root]\\$Recycle.Bin\\S-1-5-21-2119625379-2900472558-1849789986-1001\\$I2PXRZ8","94","2018-02-10 06:16:09","2018-02-10 06:16:09","2018-02-10 06:16:09","1"
"1fe79269612c5db7c3ff1a6cec5d1af5","NONAME [NTFS]\\[root]\\$Recycle.Bin\\S-1-5-21-2119625379-2900472558-1849789986-1001\\$I30","4096","2018-02-10 05:02:27","2018-02-10 06:16:34","2018-02-10 06:16:34","0"
"27db0b74b7c95141c0124b175aa6b2bc","NONAME [NTFS]\\[root]\\$Recycle.Bin\\S-1-5-21-2119625379-2900472558-1849789986-1001\\$IMUL95D.lnk","114","2018-02-10 06:16:09","2018-02-10 06:16:09","2018-02-10 06:16:09","1"
"e386eb6b22d50e5061f56b2866f76208","NONAME [NTFS]\\[root]\\$Recycle.Bin\\S-1-5-21-2119625379-2900472558-1849789986-1001\\$R2PXRZ8\\Browser\\$I30","8192","2018-02-10 05:43:10","2018-02-10 06:16:34","2018-02-10 06:16:34","1"
"8b4b4d2a83fc3a166e83f5545471ee7c","NONAME [NTFS]\\[root]\\$Recycle.Bin\\S-1-5-21-2119625379-2900472558-1849789986-1001\\$R2PXRZ8\\Browser\\Accessible.tlb","2828","2000-01-01 00:00:00","2000-01-01 00:00:00","2018-02-10 05:43:10","1"
"e0323a99e2357180eef233c6e6e84b0e","NONAME [NTFS]\\[root]\\$Recycle.Bin\\S-1-5-21-2119625379-2900472558-1849789986-1001\\$R2PXRZ8\\Browser\\AccessibleMarshal.dll","23552","2000-01-01 00:00:00","2000-01-01 00:00:00","2018-02-10 05:43:10","1"
"3e700e6bb5d3f2021a3e4998aa3b2087","NONAME [NTFS]\\[root]\\$Recycle.Bin\\S-1-5-21-2119625379-2900472558-1849789986-1001\\$R2PXRZ8\\Browser\\application.ini","440","2000-01-01 00:00:00","2000-01-01 00:00:00","2018-02-10 05:43:10","1"
"620f0b67a91f7f74151bc5be745b7110","NONAME [NTFS]\\[root]\\$Recycle.Bin\\S-1-5-21-2119625379-2900472558-1849789986-1001\\$R2PXRZ8\\Browser\\browser\\$I30","4096","2018-02-10 05:43:18","2018-02-10 06:16:34","2018-02-10 06:16:34","1"
"fb0b5b6668d6441474b79b6c82c506ec","NONAME [NTFS]\\[root]\\$Recycle.Bin\\S-1-5-21-2119625379-2900472558-1849789986-1001\\$R2PXRZ8\\Browser\\browser\\blocklist.xml","291796","2000-01-01 00:00:00","2000-01-01 00:00:00","2018-02-10 05:43:18","1"
"d41d8cd98f00b204e9800998ecf8427e","NONAME [NTFS]\\[root]\\$Recycle.Bin\\S-1-5-21-2119625379-2900472558-1849789986-1001\\$R2PXRZ8\\Browser\\browser\\chrome.manifest","0","2000-01-01 00:00:00","2000-01-01 00:00:00","2018-02-10 05:43:18","1"
"b525f712d72923d2c40abba59a38e02d","NONAME [NTFS]\\[root]\\$Recycle.Bin\\S-1-5-21-2119625379-2900472558-1849789986-1001\\$R2PXRZ8\\Browser\\browser\\extensions\\{972ce4c6-7e08-4474-a285-3208198ce6fd}.xpi","4695","2000-01-01 00:00:00","2000-01-01 00:00:00","2018-02-10 05:43:19","1"
"ea25d13495bf1c3ac03c5f5a2634eb5b","NONAME [NTFS]\\[root]\\$Recycle.Bin\\S-1-5-21-2119625379-2900472558-1849789986-1001\\$R2PXRZ8\\Browser\\browser\\features\\e10srollout@mozilla.org.xpi","3588","2000-01-01 00:00:00","2000-01-01 00:00:00","2018-02-10 05:43:19","1"
"899db263769e80d70426366bc3771c1d","NONAME [NTFS]\\[root]\\$Recycle.Bin\\S-1-5-21-2119625379-2900472558-1849789986-1001\\$R2PXRZ8\\Browser\\browser\\omni.ja","12781516","2000-01-01 00:00:00","2000-01-01 00:00:00","2018-02-10 05:43:18","1"
"cecbd15ddc45706a7cc5d42a124b79d2","NONAME [NTFS]\\[root]\\$Recycle.Bin\\S-1-5-21-2119625379-2900472558-1849789986-1001\\$R2PXRZ8\\Browser\\browser\\VisualElements\\VisualElements_150.png","36640","2000-01-01 00:00:00","2000-01-01 00:00:00","2018-02-10 05:43:19","1"
"418ff1c4b5ca8fcc7c90639ed5c3c8a5","NONAME [NTFS]\\[root]\\$Recycle.Bin\\S-1-5-21-2119625379-2900472558-1849789986-1001\\$R2PXRZ8\\Browser\\browser\\VisualElements\\VisualElements_70.png","12083","2000-01-01 00:00:00","2000-01-01 00:00:00","2018-02-10 05:43:19","1"
"d41d8cd98f00b204e9800998ecf8427e","NONAME [NTFS]\\[root]\\$Recycle.Bin\\S-1-5-21-2119625379-2900472558-1849789986-1001\\$R2PXRZ8\\Browser\\chrome.manifest","0","2000-01-01 00:00:00","2000-01-01 00:00:00","2018-02-10 05:43:10","1"
"c13b7ffae99396fdbcba2f8eb6c90826","NONAME [NTFS]\\[root]\\$Recycle.Bin\\S-1-5-21-2119625379-2900472558-1849789986-1001\\$R2PXRZ8\\Browser\\defaults\\pref\\channel-prefs.js","245","2000-01-01 00:00:00","2000-01-01 00:00:00","2018-02-10 05:43:19","1"
"464cc43d8b0c71f8689cad60d642b69a","NONAME [NTFS]\\[root]\\$Recycle.Bin\\S-1-5-21-2119625379-2900472558-1849789986-1001\\$R2PXRZ8\\Browser\\dependentlibs.list","42","2000-01-01 00:00:00","2000-01-01 00:00:00","2018-02-10 05:43:10","1"
"de7d2fb2a926fd13f49b784f9272cd65","NONAME [NTFS]\\[root]\\$Recycle.Bin\\S-1-5-21-2119625379-2900472558-1849789986-1001\\$R2PXRZ8\\Browser\\dictionaries\\en-US.aff","3074","2000-01-01 00:00:00","2000-01-01 00:00:00","2018-02-10 05:43:19","1"
"3e2b987ef017c150d1ab4ad47057e908","NONAME [NTFS]\\[root]\\$Recycle.Bin\\S-1-5-21-2119625379-2900472558-1849789986-1001\\$R2PXRZ8\\Browser\\dictionaries\\en-US.dic","576688","2000-01-01 00:00:00","2000-01-01 00:00:00","2018-02-10 05:43:19","1"
"089acf7e0876fcfc7442d05f89f6ef5e","NONAME [NTFS]\\[root]\\$Recycle.Bin\\S-1-5-21-2119625379-2900472558-1849789986-1001\\$R2PXRZ8\\Browser\\firefox.exe","1360896","2000-01-01 00:00:00","2000-01-01 00:00:00","2018-02-10 05:43:10","1"
"9fb39992ae10135a55fb4b73613819fd","NONAME [NTFS]\\[root]\\$Recycle.Bin\\S-1-5-21-2119625379-2900472558-1849789986-1001\\$R2PXRZ8\\Browser\\firefox.VisualElementsManifest.xml","344","2000-01-01 00:00:00","2000-01-01 00:00:00","2018-02-10 05:43:10","1"
"112a9a0619f9880c0cd18872d0047700","NONAME [NTFS]\\[root]\\$Recycle.Bin\\S-1-5-21-2119625379-2900472558-1849789986-1001\\$R2PXRZ8\\Browser\\fonts\\$I30","4096","2018-02-10 05:43:19","2018-02-10 06:16:34","2018-02-10 06:16:34","1"
"b0a43a838944f6a95ed1682328134667","NONAME [NTFS]\\[root]\\$Recycle.Bin\\S-1-5-21-2119625379-2900472558-1849789986-1001\\$R2PXRZ8\\Browser\\fonts\\EmojiOneMozilla.ttf","1227260","2000-01-01 00:00:00","2000-01-01 00:00:00","2018-02-10 05:43:19","1"
"f1165158457f9857f481dc2ff20dfb11","NONAME [NTFS]\\[root]\\$Recycle.Bin\\S-1-5-21-2119625379-2900472558-1849789986-1001\\$R2PXRZ8\\Browser\\fonts\\NotoSansBuginese-Regular.ttf","7060","2000-01-01 00:00:00","2000-01-01 00:00:00","2018-02-10 05:43:19","1"
"1dda5eccfbd74284c9c2d99d462c0ff0","NONAME [NTFS]\\[root]\\$Recycle.Bin\\S-1-5-21-2119625379-2900472558-1849789986-1001\\$R2PXRZ8\\Browser\\fonts\\NotoSansKhmer-Regular.ttf","48648","2000-01-01 00:00:00","2000-01-01 00:00:00","2018-02-10 05:43:19","1"
"8dec8eb73f625f21a674b2a20bc6e638","NONAME [NTFS]\\[root]\\$Recycle.Bin\\S-1-5-21-2119625379-2900472558-1849789986-1001\\$R2PXRZ8\\Browser\\fonts\\NotoSansLao-Regular.ttf","42056","2000-01-01 00:00:00","2000-01-01 00:00:00","2018-02-10 05:43:19","1"
"59c6f69612cdb64aeaeb81a7ee7a786a","NONAME [NTFS]\\[root]\\$Recycle.Bin\\S-1-5-21-2119625379-2900472558-1849789986-1001\\$R2PXRZ8\\Browser\\fonts\\NotoSansMyanmar-Regular.ttf","153036","2000-01-01 00:00:00","2000-01-01 00:00:00","2018-02-10 05:43:19","1"
"dd50462b8adb4af30ad188aa06563c0c","NONAME [NTFS]\\[root]\\$Recycle.Bin\\S-1-5-21-2119625379-2900472558-1849789986-1001\\$R2PXRZ8\\Browser\\fonts\\NotoSansYi-Regular.ttf","120936","2000-01-01 00:00:00","2000-01-01 00:00:00","2018-02-10 05:43:19","1"
"bb43cf717d9c931e4ac6e5ae72fb727c","NONAME [NTFS]\\[root]\\$Recycle.Bin\\S-1-5-21-2119625379-2900472558-1849789986-1001\\$R2PXRZ8\\Browser\\freebl3.dll","430080","2000-01-01 00:00:00","2000-01-01 00:00:00","2018-02-10 05:43:10","1"
"df5e59358ccd4966b8eb668177fb8f99","NONAME [NTFS]\\[root]\\$Recycle.Bin\\S-1-5-21-2119625379-2900472558-1849789986-1001\\$R2PXRZ8\\Browser\\IA2Marshal.dll","72704","2000-01-01 00:00:00","2000-01-01 00:00:00","2018-02-10 05:43:10","1"
"63c7d073b55d8df8adc95a951230429c","NONAME [NTFS]\\[root]\\$Recycle.Bin\\S-1-5-21-2119625379-2900472558-1849789986-1001\\$R2PXRZ8\\Browser\\lgpllibs.dll","200704","2000-01-01 00:00:00","2000-01-01 00:00:00","2018-02-10 05:43:10","1"
"a4afd4728596cdd92f55da43a1f8b1bf","NONAME [NTFS]\\[root]\\$Recycle.Bin\\S-1-5-21-2119625379-2900472558-1849789986-1001\\$R2PXRZ8\\Browser\\libEGL.dll","3313152","2000-01-01 00:00:00","2000-01-01 00:00:00","2018-02-10 05:43:10","1"
"9cef4ff0282a8b60d8af3ce13e2a6ce3","NONAME [NTFS]\\[root]\\$Recycle.Bin\\S-1-5-21-2119625379-2900472558-1849789986-1001\\$R2PXRZ8\\Browser\\libGLESv2.dll","3499520","2000-01-01 00:00:00","2000-01-01 00:00:00","2018-02-10 05:43:10","1"
"762dd637e8cc3f5a36306ed48e88088a","NONAME [NTFS]\\[root]\\$Recycle.Bin\\S-1-5-21-2119625379-2900472558-1849789986-1001\\$R2PXRZ8\\Browser\\libssp-0.dll","93095","2000-01-01 00:00:00","2000-01-01 00:00:00","2018-02-10 05:43:10","1"
"af988fe4862758f035ed1aaa880d0e41","NONAME [NTFS]\\[root]\\$Recycle.Bin\\S-1-5-21-2119625379-2900472558-1849789986-1001\\$R2PXRZ8\\Browser\\mozavcodec.dll","1943552","2000-01-01 00:00:00","2000-01-01 00:00:00","2018-02-10 05:43:10","1"
"0e59475b2bb8183e27ab4bb8969b9a9a","NONAME [NTFS]\\[root]\\$Recycle.Bin\\S-1-5-21-2119625379-2900472558-1849789986-1001\\$R2PXRZ8\\Browser\\mozavutil.dll","198144","2000-01-01 00:00:00","2000-01-01 00:00:00","2018-02-10 05:43:10","1"
"2ba091602f55334db6493ab8e9abca28","NONAME [NTFS]\\[root]\\$Recycle.Bin\\S-1-5-21-2119625379-2900472558-1849789986-1001\\$R2PXRZ8\\Browser\\mozglue.dll","890880","2000-01-01 00:00:00","2000-01-01 00:00:00","2018-02-10 05:43:10","1"
"0e37fbfa79d349d672456923ec5fbbe3","NONAME [NTFS]\\[root]\\$Recycle.Bin\\S-1-5-21-2119625379-2900472558-1849789986-1001\\$R2PXRZ8\\Browser\\msvcr100.dll","773968","2000-01-01 00:00:00","2000-01-01 00:00:00","2018-02-10 05:43:10","1"
"4d54c10bed8cd3a082e35f253261aa41","NONAME [NTFS]\\[root]\\$Recycle.Bin\\S-1-5-21-2119625379-2900472558-1849789986-1001\\$R2PXRZ8\\Browser\\nss3.dll","1538560","2000-01-01 00:00:00","2000-01-01 00:00:00","2018-02-10 05:43:10","1"
"34bb956227ee4160cc3a8eec1623d97b","NONAME [NTFS]\\[root]\\$Recycle.Bin\\S-1-5-21-2119625379-2900472558-1849789986-1001\\$R2PXRZ8\\Browser\\nssckbi.dll","440832","2000-01-01 00:00:00","2000-01-01 00:00:00","2018-02-10 05:43:11","1"
"289888411359ec85d0f2f671035525f4","NONAME [NTFS]\\[root]\\$Recycle.Bin\\S-1-5-21-2119625379-2900472558-1849789986-1001\\$R2PXRZ8\\Browser\\nssdbm3.dll","139776","2000-01-01 00:00:00","2000-01-01 00:00:00","2018-02-10 05:43:11","1"
"c6c9ae94d7ebfdcba0fd88573cd13cb6","NONAME [NTFS]\\[root]\\$Recycle.Bin\\S-1-5-21-2119625379-2900472558-1849789986-1001\\$R2PXRZ8\\Browser\\omni.ja","5938093","2000-01-01 00:00:00","2000-01-01 00:00:00","2018-02-10 05:43:11","1"
"af324f15c8d3fb97dc1b045831ef0dde","NONAME [NTFS]\\[root]\\$Recycle.Bin\\S-1-5-21-2119625379-2900472558-1849789986-1001\\$R2PXRZ8\\Browser\\platform.ini","48","2000-01-01 00:00:00","2000-01-01 00:00:00","2018-02-10 05:43:11","1"
"d11c288ffa4d044872f4696ede71f6d4","NONAME [NTFS]\\[root]\\$Recycle.Bin\\S-1-5-21-2119625379-2900472558-1849789986-1001\\$R2PXRZ8\\Browser\\plugin-container.exe","1137664","2000-01-01 00:00:00","2000-01-01 00:00:00","2018-02-10 05:43:11","1"
"22df35d5afcb8d918ecb17c60436ca73","NONAME [NTFS]\\[root]\\$Recycle.Bin\\S-1-5-21-2119625379-2900472558-1849789986-1001\\$R2PXRZ8\\Browser\\plugin-hang-ui.exe","807936","2000-01-01 00:00:00","2000-01-01 00:00:00","2018-02-10 05:43:11","1"
"0a227b487f5e6694e013624c969ca99f","NONAME [NTFS]\\[root]\\$Recycle.Bin\\S-1-5-21-2119625379-2900472558-1849789986-1001\\$R2PXRZ8\\Browser\\precomplete","1281","2000-01-01 00:00:00","2000-01-01 00:00:00","2018-02-10 05:43:11","1"
"306e01d1d80d6e0cbbec8995f010f90f","NONAME [NTFS]\\[root]\\$Recycle.Bin\\S-1-5-21-2119625379-2900472558-1849789986-1001\\$R2PXRZ8\\Browser\\qipcap.dll","12288","2000-01-01 00:00:00","2000-01-01 00:00:00","2018-02-10 05:43:11","1"
"8ce40bb668bb61c0adde694043acde35","NONAME [NTFS]\\[root]\\$Recycle.Bin\\S-1-5-21-2119625379-2900472558-1849789986-1001\\$R2PXRZ8\\Browser\\removed-files","646","2000-01-01 00:00:00","2000-01-01 00:00:00","2018-02-10 05:43:11","1"
"f488d149d430ddfb8a415dcecfa66e8d","NONAME [NTFS]\\[root]\\$Recycle.Bin\\S-1-5-21-2119625379-2900472558-1849789986-1001\\$R2PXRZ8\\Browser\\softokn3.dll","202240","2000-01-01 00:00:00","2000-01-01 00:00:00","2018-02-10 05:43:11","1"
"2c3ccae1d9c4abf96d95451e9c07c3f1","NONAME [NTFS]\\[root]\\$Recycle.Bin\\S-1-5-21-2119625379-2900472558-1849789986-1001\\$R2PXRZ8\\Browser\\TorBrowser\\Data\\Browser\\Caches\\profile.default\\$I30","4096","2018-02-10 05:43:23","2018-02-10 06:16:34","2018-02-10 06:16:34","1"
"d41d8cd98f00b204e9800998ecf8427e","NONAME [NTFS]\\[root]\\$Recycle.Bin\\S-1-5-21-2119625379-2900472558-1849789986-1001\\$R2PXRZ8\\Browser\\TorBrowser\\Data\\Browser\\Caches\\profile.default\\directoryLinks.json","0","2018-02-10 05:55:24","2018-02-10 05:55:25","2018-02-10 05:55:25","1"
"99914b932bd37a50b983c5e7c90ae93b","NONAME [NTFS]\\[root]\\$Recycle.Bin\\S-1-5-21-2119625379-2900472558-1849789986-1001\\$R2PXRZ8\\Browser\\TorBrowser\\Data\\Browser\\Caches\\profile.default\\frequencyCap.json","2","2018-02-10 05:55:24","2018-02-10 05:55:25","2018-02-10 05:55:25","1"
"be4baa046b57e7f226393e6b4a776d2c","NONAME [NTFS]\\[root]\\$Recycle.Bin\\S-1-5-21-2119625379-2900472558-1849789986-1001\\$R2PXRZ8\\Browser\\TorBrowser\\Data\\Browser\\Caches\\profile.default\\safebrowsing\\$I30","8192","2018-02-10 05:55:27","2018-02-10 06:16:34","2018-02-10 06:16:34","1"
"076933ff9904d1110d896e2c525e39e5","NONAME [NTFS]\\[root]\\$Recycle.Bin\\S-1-5-21-2119625379-2900472558-1849789986-1001\\$R2PXRZ8\\Browser\\TorBrowser\\Data\\Browser\\Caches\\profile.default\\safebrowsing\\test-block-simple.pset","16","2018-02-10 05:55:27","2018-02-10 05:55:27","2018-02-10 05:55:27","1"
"e2cf527ca7550b7e7bdf7311e483a2c3","NONAME [NTFS]\\[root]\\$Recycle.Bin\\S-1-5-21-2119625379-2900472558-1849789986-1001\\$R2PXRZ8\\Browser\\TorBrowser\\Data\\Browser\\Caches\\profile.default\\safebrowsing\\test-block-simple.sbstore","232","2018-02-10 05:55:27","2018-02-10 05:55:27","2018-02-10 05:55:27","1"
"076933ff9904d1110d896e2c525e39e5","NONAME [NTFS]\\[root]\\$Recycle.Bin\\S-1-5-21-2119625379-2900472558-1849789986-1001\\$R2PXRZ8\\Browser\\TorBrowser\\Data\\Browser\\Caches\\profile.default\\safebrowsing\\test-flash-simple.pset","16","2018-02-10 05:55:27","2018-02-10 05:55:27","2018-02-10 05:55:27","1"
"092a51ca6665031404f47681dde77c25","NONAME [NTFS]\\[root]\\$Recycle.Bin\\S-1-5-21-2119625379-2900472558-1849789986-1001\\$R2PXRZ8\\Browser\\TorBrowser\\Data\\Browser\\Caches\\profile.default\\safebrowsing\\test-flash-simple.sbstore","232","2018-02-10 05:55:27","2018-02-10 05:55:27","2018-02-10 05:55:27","1"
"076933ff9904d1110d896e2c525e39e5","NONAME [NTFS]\\[root]\\$Recycle.Bin\\S-1-5-21-2119625379-2900472558-1849789986-1001\\$R2PXRZ8\\Browser\\TorBrowser\\Data\\Browser\\Caches\\profile.default\\safebrowsing\\test-flashallow-simple.pset","16","2018-02-10 05:55:27","2018-02-10 05:55:27","2018-02-10 05:55:27","1"
"01331136034111645398c921884a47d4","NONAME [NTFS]\\[root]\\$Recycle.Bin\\S-1-5-21-2119625379-2900472558-1849789986-1001\\$R2PXRZ8\\Browser\\TorBrowser\\Data\\Browser\\Caches\\profile.default\\safebrowsing\\test-flashallow-simple.sbstore","232","2018-02-10 05:55:27","2018-02-10 05:55:27","2018-02-10 05:55:27","1"
"076933ff9904d1110d896e2c525e39e5","NONAME [NTFS]\\[root]\\$Recycle.Bin\\S-1-5-21-2119625379-2900472558-1849789986-1001\\$R2PXRZ8\\Browser\\TorBrowser\\Data\\Browser\\Caches\\profile.default\\safebrowsing\\test-flashsubdoc-simple.pset","16","2018-02-10 05:55:27","2018-02-10 05:55:27","2018-02-10 05:55:27","1"
"c3e86ab1e77cb711e510c9adf9418a5d","NONAME [NTFS]\\[root]\\$Recycle.Bin\\S-1-5-21-2119625379-2900472558-1849789986-1001\\$R2PXRZ8\\Browser\\TorBrowser\\Data\\Browser\\Caches\\profile.default\\safebrowsing\\test-flashsubdoc-simple.sbstore","232","2018-02-10 05:55:27","2018-02-10 05:55:27","2018-02-10 05:55:27","1"
"076933ff9904d1110d896e2c525e39e5","NONAME [NTFS]\\[root]\\$Recycle.Bin\\S-1-5-21-2119625379-2900472558-1849789986-1001\\$R2PXRZ8\\Browser\\TorBrowser\\Data\\Browser\\Caches\\profile.default\\safebrowsing\\test-malware-simple.pset","16","2018-02-10 05:55:27","2018-02-10 05:55:27","2018-02-10 05:55:27","1"
"3675254e341df799d4307c1f59109185","NONAME [NTFS]\\[root]\\$Recycle.Bin\\S-1-5-21-2119625379-2900472558-1849789986-1001\\$R2PXRZ8\\Browser\\TorBrowser\\Data\\Browser\\Caches\\profile.default\\safebrowsing\\test-malware-simple.sbstore","232","2018-02-10 05:55:27","2018-02-10 05:55:27","2018-02-10 05:55:27","1"
"076933ff9904d1110d896e2c525e39e5","NONAME [NTFS]\\[root]\\$Recycle.Bin\\S-1-5-21-2119625379-2900472558-1849789986-1001\\$R2PXRZ8\\Browser\\TorBrowser\\Data\\Browser\\Caches\\profile.default\\safebrowsing\\test-phish-simple.pset","16","2018-02-10 05:55:27","2018-02-10 05:55:27","2018-02-10 05:55:27","1"
"3d1ce5e50208f0cb3b979186043a548f","NONAME [NTFS]\\[root]\\$Recycle.Bin\\S-1-5-21-2119625379-2900472558-1849789986-1001\\$R2PXRZ8\\Browser\\TorBrowser\\Data\\Browser\\Caches\\profile.default\\safebrowsing\\test-phish-simple.sbstore","232","2018-02-10 05:55:27","2018-02-10 05:55:27","2018-02-10 05:55:27","1"
"076933ff9904d1110d896e2c525e39e5","NONAME [NTFS]\\[root]\\$Recycle.Bin\\S-1-5-21-2119625379-2900472558-1849789986-1001\\$R2PXRZ8\\Browser\\TorBrowser\\Data\\Browser\\Caches\\profile.default\\safebrowsing\\test-track-simple.pset","16","2018-02-10 05:55:27","2018-02-10 05:55:27","2018-02-10 05:55:27","1"
"95f28ede25c301301f25fbbd9a3c56ec","NONAME [NTFS]\\[root]\\$Recycle.Bin\\S-1-5-21-2119625379-2900472558-1849789986-1001\\$R2PXRZ8\\Browser\\TorBrowser\\Data\\Browser\\Caches\\profile.default\\safebrowsing\\test-track-simple.sbstore","272","2018-02-10 05:55:27","2018-02-10 05:55:27","2018-02-10 05:55:27","1"
"076933ff9904d1110d896e2c525e39e5","NONAME [NTFS]\\[root]\\$Recycle.Bin\\S-1-5-21-2119625379-2900472558-1849789986-1001\\$R2PXRZ8\\Browser\\TorBrowser\\Data\\Browser\\Caches\\profile.default\\safebrowsing\\test-trackwhite-simple.pset","16","2018-02-10 05:55:27","2018-02-10 05:55:27","2018-02-10 05:55:27","1"
"65e942614eee70680464ac4be75019fc","NONAME [NTFS]\\[root]\\$Recycle.Bin\\S-1-5-21-2119625379-2900472558-1849789986-1001\\$R2PXRZ8\\Browser\\TorBrowser\\Data\\Browser\\Caches\\profile.default\\safebrowsing\\test-trackwhite-simple.sbstore","232","2018-02-10 05:55:27","2018-02-10 05:55:27","2018-02-10 05:55:27","1"
"076933ff9904d1110d896e2c525e39e5","NONAME [NTFS]\\[root]\\$Recycle.Bin\\S-1-5-21-2119625379-2900472558-1849789986-1001\\$R2PXRZ8\\Browser\\TorBrowser\\Data\\Browser\\Caches\\profile.default\\safebrowsing\\test-unwanted-simple.pset","16","2018-02-10 05:55:27","2018-02-10 05:55:27","2018-02-10 05:55:27","1"
"a5695cc64d77967232b0c1344c6e72b3","NONAME [NTFS]\\[root]\\$Recycle.Bin\\S-1-5-21-2119625379-2900472558-1849789986-1001\\$R2PXRZ8\\Browser\\TorBrowser\\Data\\Browser\\Caches\\profile.default\\safebrowsing\\test-unwanted-simple.sbstore","232","2018-02-10 05:55:27","2018-02-10 05:55:27","2018-02-10 05:55:27","1"
"076933ff9904d1110d896e2c525e39e5","NONAME [NTFS]\\[root]\\$Recycle.Bin\\S-1-5-21-2119625379-2900472558-1849789986-1001\\$R2PXRZ8\\Browser\\TorBrowser\\Data\\Browser\\Caches\\profile.default\\safebrowsing\\testexcept-flash-simple.pset","16","2018-02-10 05:55:27","2018-02-10 05:55:27","2018-02-10 05:55:27","1"
"0daca0ccf8c64c9721857cbc80cda7da","NONAME [NTFS]\\[root]\\$Recycle.Bin\\S-1-5-21-2119625379-2900472558-1849789986-1001\\$R2PXRZ8\\Browser\\TorBrowser\\Data\\Browser\\Caches\\profile.default\\safebrowsing\\testexcept-flash-simple.sbstore","232","2018-02-10 05:55:27","2018-02-10 05:55:27","2018-02-10 05:55:27","1"
"076933ff9904d1110d896e2c525e39e5","NONAME [NTFS]\\[root]\\$Recycle.Bin\\S-1-5-21-2119625379-2900472558-1849789986-1001\\$R2PXRZ8\\Browser\\TorBrowser\\Data\\Browser\\Caches\\profile.default\\safebrowsing\\testexcept-flashallow-simple.pset","16","2018-02-10 05:55:27","2018-02-10 05:55:27","2018-02-10 05:55:27","1"
"fdf05f67fdfc6169c309935302a66270","NONAME [NTFS]\\[root]\\$Recycle.Bin\\S-1-5-21-2119625379-2900472558-1849789986-1001\\$R2PXRZ8\\Browser\\TorBrowser\\Data\\Browser\\Caches\\profile.default\\safebrowsing\\testexcept-flashallow-simple.sbstore","232","2018-02-10 05:55:27","2018-02-10 05:55:27","2018-02-10 05:55:27","1"
"076933ff9904d1110d896e2c525e39e5","NONAME [NTFS]\\[root]\\$Recycle.Bin\\S-1-5-21-2119625379-2900472558-1849789986-1001\\$R2PXRZ8\\Browser\\TorBrowser\\Data\\Browser\\Caches\\profile.default\\safebrowsing\\testexcept-flashsubdoc-simple.pset","16","2018-02-10 05:55:27","2018-02-10 05:55:27","2018-02-10 05:55:27","1"
"21eb1b4de5076884d6cb64413833d8c0","NONAME [NTFS]\\[root]\\$Recycle.Bin\\S-1-5-21-2119625379-2900472558-1849789986-1001\\$R2PXRZ8\\Browser\\TorBrowser\\Data\\Browser\\Caches\\profile.default\\safebrowsing\\testexcept-flashsubdoc-simple.sbstore","232","2018-02-10 05:55:27","2018-02-10 05:55:27","2018-02-10 05:55:27","1"
"0881ffcd50db414885a88d3dcabc9403","NONAME [NTFS]\\[root]\\$Recycle.Bin\\S-1-5-21-2119625379-2900472558-1849789986-1001\\$R2PXRZ8\\Browser\\TorBrowser\\Data\\Browser\\Caches\\profile.default\\startupCache\\startupCache.4.little","37172","2018-02-10 06:05:01","2018-02-10 06:05:01","2018-02-10 06:05:01","1"
"90a2af9a9d773538edfd58c56f320d3c","NONAME [NTFS]\\[root]\\$Recycle.Bin\\S-1-5-21-2119625379-2900472558-1849789986-1001\\$R2PXRZ8\\Browser\\TorBrowser\\Data\\Browser\\profile.default\\$I30","8192","2018-02-10 05:43:16","2018-02-10 06:16:34","2018-02-10 06:16:34","1"
"dd375b4c680d03f5470bea18040cf3a1","NONAME [NTFS]\\[root]\\$Recycle.Bin\\S-1-5-21-2119625379-2900472558-1849789986-1001\\$R2PXRZ8\\Browser\\TorBrowser\\Data\\Browser\\profile.default\\bookmarks.html","3863","2000-01-01 00:00:00","2000-01-01 00:00:00","2018-02-10 05:43:16","1"
"a1ea062d94eb0317ddffb72052261937","NONAME [NTFS]\\[root]\\$Recycle.Bin\\S-1-5-21-2119625379-2900472558-1849789986-1001\\$R2PXRZ8\\Browser\\TorBrowser\\Data\\Browser\\profile.default\\browser-extension-data\\https-everywhere-eff@eff.org\\storage.js","45","2018-02-10 05:43:29","2018-02-10 06:04:01","2018-02-10 05:43:29","1"
"a686fbf309f322c5c391574a64366f32","NONAME [NTFS]\\[root]\\$Recycle.Bin\\S-1-5-21-2119625379-2900472558-1849789986-1001\\$R2PXRZ8\\Browser\\TorBrowser\\Data\\Browser\\profile.default\\browser-extension-data\\{73a6fe31-595d-460b-a920-fcc0f8843232}\\storage.js","393","2018-02-10 05:43:29","2018-02-10 06:03:58","2018-02-10 05:43:29","1"
"728e8afc70e0a024ec2a6d33a6b58c1a","NONAME [NTFS]\\[root]\\$Recycle.Bin\\S-1-5-21-2119625379-2900472558-1849789986-1001\\$R2PXRZ8\\Browser\\TorBrowser\\Data\\Browser\\profile.default\\compatibility.ini","212","2018-02-10 05:43:23","2018-02-10 05:55:00","2018-02-10 05:43:23","1"
"761406e5fc2d7e7c9d2e7688522474c9","NONAME [NTFS]\\[root]\\$Recycle.Bin\\S-1-5-21-2119625379-2900472558-1849789986-1001\\$R2PXRZ8\\Browser\\TorBrowser\\Data\\Browser\\profile.default\\containers.json","809","2018-02-10 05:55:25","2018-02-10 05:55:25","2018-02-10 05:55:25","1"
"54a86ad03961eb7936d4b645c005a802","NONAME [NTFS]\\[root]\\$Recycle.Bin\\S-1-5-21-2119625379-2900472558-1849789986-1001\\$R2PXRZ8\\Browser\\TorBrowser\\Data\\Browser\\profile.default\\content-prefs.sqlite","229376","2018-02-10 05:55:24","2018-02-10 05:55:24","2018-02-10 05:55:24","1"
"07988ecca23d0958a673baac35dcdf8b","NONAME [NTFS]\\[root]\\$Recycle.Bin\\S-1-5-21-2119625379-2900472558-1849789986-1001\\$R2PXRZ8\\Browser\\TorBrowser\\Data\\Browser\\profile.default\\cookies.sqlite","524288","2018-02-10 05:55:25","2018-02-10 06:05:32","2018-02-10 05:55:25","1"
"5f7d9fb0e509a259f23290c84f637426","NONAME [NTFS]\\[root]\\$Recycle.Bin\\S-1-5-21-2119625379-2900472558-1849789986-1001\\$R2PXRZ8\\Browser\\TorBrowser\\Data\\Browser\\profile.default\\extensions.ini","456","2018-02-10 05:43:27","2018-02-10 05:43:27","2018-02-10 05:43:27","1"
"161991b8e8ace198e006d31b44a76294","NONAME [NTFS]\\[root]\\$Recycle.Bin\\S-1-5-21-2119625379-2900472558-1849789986-1001\\$R2PXRZ8\\Browser\\TorBrowser\\Data\\Browser\\profile.default\\extensions.json","62025","2018-02-10 06:03:57","2018-02-10 06:04:01","2018-02-10 06:04:01","1"
"52e60b8bc1a144fd0c0a4f4b147bae22","NONAME [NTFS]\\[root]\\$Recycle.Bin\\S-1-5-21-2119625379-2900472558-1849789986-1001\\$R2PXRZ8\\Browser\\TorBrowser\\Data\\Browser\\profile.default\\extensions\\$I30","4096","2018-02-10 05:43:16","2018-02-10 06:16:34","2018-02-10 06:16:34","1"
"d624dafb2c05a3963371b80a8d66e2f9","NONAME [NTFS]\\[root]\\$Recycle.Bin\\S-1-5-21-2119625379-2900472558-1849789986-1001\\$R2PXRZ8\\Browser\\TorBrowser\\Data\\Browser\\profile.default\\extensions\\https-everywhere-eff@eff.org.xpi","1614709","2000-01-01 00:00:00","2018-02-10 06:04:01","2018-02-10 06:04:01","1"
"b20a550847786d182a2163240dfb019f","NONAME [NTFS]\\[root]\\$Recycle.Bin\\S-1-5-21-2119625379-2900472558-1849789986-1001\\$R2PXRZ8\\Browser\\TorBrowser\\Data\\Browser\\profile.default\\extensions\\tor-launcher@torproject.org.xpi","586007","2000-01-01 00:00:00","2000-01-01 00:00:00","2018-02-10 05:43:16","1"
"1c17e5bd5e2853e4ed63ea161b9e57dc","NONAME [NTFS]\\[root]\\$Recycle.Bin\\S-1-5-21-2119625379-2900472558-1849789986-1001\\$R2PXRZ8\\Browser\\TorBrowser\\Data\\Browser\\profile.default\\extensions\\torbutton@torproject.org.xpi","914636","2000-01-01 00:00:00","2000-01-01 00:00:00","2018-02-10 05:43:16","1"
"6982f45419780cba1a497cde00c9c7d8","NONAME [NTFS]\\[root]\\$Recycle.Bin\\S-1-5-21-2119625379-2900472558-1849789986-1001\\$R2PXRZ8\\Browser\\TorBrowser\\Data\\Browser\\profile.default\\extensions\\{73a6fe31-595d-460b-a920-fcc0f8843232}.xpi","777343","2000-01-01 00:00:00","2018-02-10 06:03:57","2018-02-10 06:03:57","1"
"3133b3be7e73b0a8c2ccfa3473333a43","NONAME [NTFS]\\[root]\\$Recycle.Bin\\S-1-5-21-2119625379-2900472558-1849789986-1001\\$R2PXRZ8\\Browser\\TorBrowser\\Data\\Browser\\profile.default\\mimeTypes.rdf","3824","2018-02-10 05:55:25","2018-02-10 05:55:25","2018-02-10 05:55:25","1"
"d41d8cd98f00b204e9800998ecf8427e","NONAME [NTFS]\\[root]\\$Recycle.Bin\\S-1-5-21-2119625379-2900472558-1849789986-1001\\$R2PXRZ8\\Browser\\TorBrowser\\Data\\Browser\\profile.default\\parent.lock","0","2018-02-10 05:43:23","2018-02-10 05:55:00","2018-02-10 05:43:23","1"
"b73a6aff88506b040555a8bcb405747e","NONAME [NTFS]\\[root]\\$Recycle.Bin\\S-1-5-21-2119625379-2900472558-1849789986-1001\\$R2PXRZ8\\Browser\\TorBrowser\\Data\\Browser\\profile.default\\places.sqlite","10485760","2018-02-10 05:55:23","2018-02-10 06:05:32","2018-02-10 05:55:23","1"
"c0ecbb3ae46948fd9ea7ed19ed178941","NONAME [NTFS]\\[root]\\$Recycle.Bin\\S-1-5-21-2119625379-2900472558-1849789986-1001\\$R2PXRZ8\\Browser\\TorBrowser\\Data\\Browser\\profile.default\\preferences\\extension-overrides.js","10164","2000-01-01 00:00:00","2000-01-01 00:00:00","2018-02-10 05:43:16","1"
"5b1c7fde4d488e32e4c28019061e4ce6","NONAME [NTFS]\\[root]\\$Recycle.Bin\\S-1-5-21-2119625379-2900472558-1849789986-1001\\$R2PXRZ8\\Browser\\TorBrowser\\Data\\Browser\\profile.default\\prefs.js","8781","2018-02-10 06:05:32","2018-02-10 06:05:32","2018-02-10 06:05:32","1"
"52b044a17e270a4f822e46573649010a","NONAME [NTFS]\\[root]\\$Recycle.Bin\\S-1-5-21-2119625379-2900472558-1849789986-1001\\$R2PXRZ8\\Browser\\TorBrowser\\Data\\Browser\\profile.default\\search.json.mozlz4","21203","2018-02-10 05:55:25","2018-02-10 05:55:25","2018-02-10 05:55:25","1"
"d41d8cd98f00b204e9800998ecf8427e","NONAME [NTFS]\\[root]\\$Recycle.Bin\\S-1-5-21-2119625379-2900472558-1849789986-1001\\$R2PXRZ8\\Browser\\TorBrowser\\Data\\Browser\\profile.default\\SecurityPreloadState.txt","0","2018-02-10 05:43:36","2018-02-10 06:05:32","2018-02-10 05:43:36","1"
"48fcad918c62db97e9af1dba1d131473","NONAME [NTFS]\\[root]\\$Recycle.Bin\\S-1-5-21-2119625379-2900472558-1849789986-1001\\$R2PXRZ8\\Browser\\TorBrowser\\Data\\Browser\\profile.default\\sessionCheckpoints.json","241","2018-02-10 06:05:31","2018-02-10 06:05:32","2018-02-10 06:05:32","1"
"48c48bd7ad1fe7471289a3b7abb87b03","NONAME [NTFS]\\[root]\\$Recycle.Bin\\S-1-5-21-2119625379-2900472558-1849789986-1001\\$R2PXRZ8\\Browser\\TorBrowser\\Data\\Browser\\profile.default\\SiteSecurityServiceState.txt","544","2018-02-10 05:43:36","2018-02-10 06:05:32","2018-02-10 05:43:36","1"
"c4ca4238a0b923820dcc509a6f75849b","NONAME [NTFS]\\[root]\\$Recycle.Bin\\S-1-5-21-2119625379-2900472558-1849789986-1001\\$R2PXRZ8\\Browser\\TorBrowser\\Data\\Browser\\profile.default\\Telemetry.FailedProfileLocks.txt","1","2018-02-10 05:43:29","2018-02-10 05:43:29","2018-02-10 05:43:29","1"
"a317f50756ddf7bf1f8605b5fd4b42c3","NONAME [NTFS]\\[root]\\$Recycle.Bin\\S-1-5-21-2119625379-2900472558-1849789986-1001\\$R2PXRZ8\\Browser\\TorBrowser\\Data\\Browser\\profile.default\\times.json","24","2018-02-10 05:43:29","2018-02-10 05:43:30","2018-02-10 05:43:29","1"
"2dbce77461f3f0a1c1dadb68628c3abb","NONAME [NTFS]\\[root]\\$Recycle.Bin\\S-1-5-21-2119625379-2900472558-1849789986-1001\\$R2PXRZ8\\Browser\\TorBrowser\\Data\\Browser\\profile.default\\webappsstore.sqlite","98304","2018-02-10 05:43:30","2018-02-10 05:43:36","2018-02-10 05:43:30","1"
"b645efaf8139ae46ae4d0a558890a92b","NONAME [NTFS]\\[root]\\$Recycle.Bin\\S-1-5-21-2119625379-2900472558-1849789986-1001\\$R2PXRZ8\\Browser\\TorBrowser\\Data\\Browser\\profile.default\\xulstore.json","666","2018-02-10 06:05:32","2018-02-10 06:05:32","2018-02-10 06:05:32","1"
"e06bc7f13b919493adb83e682ee41321","NONAME [NTFS]\\[root]\\$Recycle.Bin\\S-1-5-21-2119625379-2900472558-1849789986-1001\\$R2PXRZ8\\Browser\\TorBrowser\\Data\\Browser\\profile.meek-http-helper\\extensions\\meek-http-helper@bamsoftware.com.xpi","7137","2000-01-01 00:00:00","2000-01-01 00:00:00","2018-02-10 05:43:16","1"
"5dba7ca4c28fdff5860cf56cc5ec3172","NONAME [NTFS]\\[root]\\$Recycle.Bin\\S-1-5-21-2119625379-2900472558-1849789986-1001\\$R2PXRZ8\\Browser\\TorBrowser\\Data\\Browser\\profile.meek-http-helper\\user.js","2158","2000-01-01 00:00:00","2000-01-01 00:00:00","2018-02-10 05:43:16","1"
"5b0cb2afa381416690d2b48a5534fe41","NONAME [NTFS]\\[root]\\$Recycle.Bin\\S-1-5-21-2119625379-2900472558-1849789986-1001\\$R2PXRZ8\\Browser\\TorBrowser\\Data\\Browser\\profiles.ini","103","2000-01-01 00:00:00","2000-01-01 00:00:00","2018-02-10 05:43:16","1"
"b03ce1611a59990a13b24f52d9f46538","NONAME [NTFS]\\[root]\\$Recycle.Bin\\S-1-5-21-2119625379-2900472558-1849789986-1001\\$R2PXRZ8\\Browser\\TorBrowser\\Data\\Tor\\$I30","4096","2018-02-10 05:43:16","2018-02-10 06:16:34","2018-02-10 06:16:34","1"
"0135c7c173068fc91862c1d7158b7d9e","NONAME [NTFS]\\[root]\\$Recycle.Bin\\S-1-5-21-2119625379-2900472558-1849789986-1001\\$R2PXRZ8\\Browser\\TorBrowser\\Data\\Tor\\cached-certs","20852","2018-02-10 05:55:19","2018-02-10 05:55:19","2018-02-10 05:55:19","1"
"3cf79e207c6ee6653bd3573a27897d2a","NONAME [NTFS]\\[root]\\$Recycle.Bin\\S-1-5-21-2119625379-2900472558-1849789986-1001\\$R2PXRZ8\\Browser\\TorBrowser\\Data\\Tor\\cached-descriptors","33022","2018-02-10 05:55:21","2018-02-10 05:55:21","2018-02-10 05:55:21","1"
"d41d8cd98f00b204e9800998ecf8427e","NONAME [NTFS]\\[root]\\$Recycle.Bin\\S-1-5-21-2119625379-2900472558-1849789986-1001\\$R2PXRZ8\\Browser\\TorBrowser\\Data\\Tor\\cached-descriptors.new","0","2018-02-10 05:55:17","2018-02-10 05:55:21","2018-02-10 05:55:21","1"
"c29e374b7202957d385ae5672d441860","NONAME [NTFS]\\[root]\\$Recycle.Bin\\S-1-5-21-2119625379-2900472558-1849789986-1001\\$R2PXRZ8\\Browser\\TorBrowser\\Data\\Tor\\cached-microdesc-consensus","1891642","2018-02-10 05:55:20","2018-02-10 05:55:20","2018-02-10 05:55:20","1"
"fb2a095d6f1f11960b66fadabc9b2b90","NONAME [NTFS]\\[root]\\$Recycle.Bin\\S-1-5-21-2119625379-2900472558-1849789986-1001\\$R2PXRZ8\\Browser\\TorBrowser\\Data\\Tor\\cached-microdescs.new","3387628","2018-02-10 05:55:20","2018-02-10 06:05:29","2018-02-10 05:55:20","1"
"f8ff66956f91272916473582c0defd95","NONAME [NTFS]\\[root]\\$Recycle.Bin\\S-1-5-21-2119625379-2900472558-1849789986-1001\\$R2PXRZ8\\Browser\\TorBrowser\\Data\\Tor\\control_auth_cookie","32","2018-02-10 05:43:28","2018-02-10 05:55:02","2018-02-10 05:55:02","1"
"b5286d93ce134d53ec3b4850eb65ecce","NONAME [NTFS]\\[root]\\$Recycle.Bin\\S-1-5-21-2119625379-2900472558-1849789986-1001\\$R2PXRZ8\\Browser\\TorBrowser\\Data\\Tor\\geoip","3558205","2000-01-01 00:00:00","2000-01-01 00:00:00","2018-02-10 05:43:16","1"
"f349a8c1cdd6b4aa4224b875867e86bd","NONAME [NTFS]\\[root]\\$Recycle.Bin\\S-1-5-21-2119625379-2900472558-1849789986-1001\\$R2PXRZ8\\Browser\\TorBrowser\\Data\\Tor\\geoip6","2309195","2000-01-01 00:00:00","2000-01-01 00:00:00","2018-02-10 05:43:16","1"
"57b6adf2cf0f960b19dedd53d85e6fe8","NONAME [NTFS]\\[root]\\$Recycle.Bin\\S-1-5-21-2119625379-2900472558-1849789986-1001\\$R2PXRZ8\\Browser\\TorBrowser\\Data\\Tor\\torrc","4759","2000-01-01 00:00:00","2018-02-10 05:55:11","2018-02-10 05:55:11","1"
"e2cec9074166c136b64b3821235e57b9","NONAME [NTFS]\\[root]\\$Recycle.Bin\\S-1-5-21-2119625379-2900472558-1849789986-1001\\$R2PXRZ8\\Browser\\TorBrowser\\Data\\Tor\\torrc-defaults","1017","2000-01-01 00:00:00","2000-01-01 00:00:00","2018-02-10 05:43:16","1"
"d41d8cd98f00b204e9800998ecf8427e","NONAME [NTFS]\\[root]\\$Recycle.Bin\\S-1-5-21-2119625379-2900472558-1849789986-1001\\$R2PXRZ8\\Browser\\TorBrowser\\Data\\Tor\\torrc.orig.1","0","2000-01-01 00:00:00","2000-01-01 00:00:00","2018-02-10 05:43:16","1"
"89522e57fadfd067339c25603228b986","NONAME [NTFS]\\[root]\\$Recycle.Bin\\S-1-5-21-2119625379-2900472558-1849789986-1001\\$R2PXRZ8\\Browser\\TorBrowser\\Docs\\$I30","4096","2018-02-10 05:43:16","2018-02-10 06:16:34","2018-02-10 06:16:34","1"
"2a6efb7dd9f621d50eb427042f692b6c","NONAME [NTFS]\\[root]\\$Recycle.Bin\\S-1-5-21-2119625379-2900472558-1849789986-1001\\$R2PXRZ8\\Browser\\TorBrowser\\Docs\\ChangeLog.txt","148644","2000-01-01 00:00:00","2000-01-01 00:00:00","2018-02-10 05:43:16","1"
"7a1847417d1b31bd57f243b60d1500b8","NONAME [NTFS]\\[root]\\$Recycle.Bin\\S-1-5-21-2119625379-2900472558-1849789986-1001\\$R2PXRZ8\\Browser\\TorBrowser\\Docs\\fteproxy\\COPYING","11323","2000-01-01 00:00:00","2000-01-01 00:00:00","2018-02-10 05:43:16","1"
"d8af61aac3736504a3d43af43a303434","NONAME [NTFS]\\[root]\\$Recycle.Bin\\S-1-5-21-2119625379-2900472558-1849789986-1001\\$R2PXRZ8\\Browser\\TorBrowser\\Docs\\fteproxy\\README.md","1876","2000-01-01 00:00:00","2000-01-01 00:00:00","2018-02-10 05:43:16","1"
"6c4db32a2fa8717faffa1d4f10136f47","NONAME [NTFS]\\[root]\\$Recycle.Bin\\S-1-5-21-2119625379-2900472558-1849789986-1001\\$R2PXRZ8\\Browser\\TorBrowser\\Docs\\libfte\\LICENSE","11323","2000-01-01 00:00:00","2000-01-01 00:00:00","2018-02-10 05:43:16","1"
"d41d8cd98f00b204e9800998ecf8427e","NONAME [NTFS]\\[root]\\$Recycle.Bin\\S-1-5-21-2119625379-2900472558-1849789986-1001\\$R2PXRZ8\\Browser\\TorBrowser\\Docs\\libfte\\LICENSE.re2","0","2000-01-01 00:00:00","2000-01-01 00:00:00","2018-02-10 05:43:16","1"
"b54a83294ece9d6fb456d2b16e0e3945","NONAME [NTFS]\\[root]\\$Recycle.Bin\\S-1-5-21-2119625379-2900472558-1849789986-1001\\$R2PXRZ8\\Browser\\TorBrowser\\Docs\\libfte\\README.md","2157","2000-01-01 00:00:00","2000-01-01 00:00:00","2018-02-10 05:43:16","1"
"e7a613ddee57c68ae7deccf90de91de0","NONAME [NTFS]\\[root]\\$Recycle.Bin\\S-1-5-21-2119625379-2900472558-1849789986-1001\\$R2PXRZ8\\Browser\\TorBrowser\\Docs\\Licenses\\$I30","4096","2018-02-10 05:43:16","2018-02-10 06:16:34","2018-02-10 06:16:34","1"
"815ca599c9df247a0c7f619bab123dad","NONAME [NTFS]\\[root]\\$Recycle.Bin\\S-1-5-21-2119625379-2900472558-1849789986-1001\\$R2PXRZ8\\Browser\\TorBrowser\\Docs\\Licenses\\Firefox.txt","16726","2000-01-01 00:00:00","2000-01-01 00:00:00","2018-02-10 05:43:16","1"
"524c55c2af5dbefb7eacadec87edee97","NONAME [NTFS]\\[root]\\$Recycle.Bin\\S-1-5-21-2119625379-2900472558-1849789986-1001\\$R2PXRZ8\\Browser\\TorBrowser\\Docs\\Licenses\\HTTPS-Everywhere.txt","1871","2000-01-01 00:00:00","2000-01-01 00:00:00","2018-02-10 05:43:16","1"
"fdafc691aa5fb7f8e2a9e9521fef771b","NONAME [NTFS]\\[root]\\$Recycle.Bin\\S-1-5-21-2119625379-2900472558-1849789986-1001\\$R2PXRZ8\\Browser\\TorBrowser\\Docs\\Licenses\\NoScript.txt","18349","2000-01-01 00:00:00","2000-01-01 00:00:00","2018-02-10 05:43:16","1"
"55719faa0112708e946b820b24b14097","NONAME [NTFS]\\[root]\\$Recycle.Bin\\S-1-5-21-2119625379-2900472558-1849789986-1001\\$R2PXRZ8\\Browser\\TorBrowser\\Docs\\Licenses\\Noto-CJK-Font.txt","4301","2000-01-01 00:00:00","2000-01-01 00:00:00","2018-02-10 05:43:16","1"
"86d3f3a95c324c9479bd8986968f4327","NONAME [NTFS]\\[root]\\$Recycle.Bin\\S-1-5-21-2119625379-2900472558-1849789986-1001\\$R2PXRZ8\\Browser\\TorBrowser\\Docs\\Licenses\\Noto-Fonts.txt","11357","2000-01-01 00:00:00","2000-01-01 00:00:00","2018-02-10 05:43:16","1"
"37695ff36086a2f41ad1f52a0ad32fec","NONAME [NTFS]\\[root]\\$Recycle.Bin\\S-1-5-21-2119625379-2900472558-1849789986-1001\\$R2PXRZ8\\Browser\\TorBrowser\\Docs\\Licenses\\PluggableTransports\\LICENSE","21280","2000-01-01 00:00:00","2000-01-01 00:00:00","2018-02-10 05:43:16","1"
"65d3616852dbf7b1a6d4b53b00626032","NONAME [NTFS]\\[root]\\$Recycle.Bin\\S-1-5-21-2119625379-2900472558-1849789986-1001\\$R2PXRZ8\\Browser\\TorBrowser\\Docs\\Licenses\\PluggableTransports\\LICENSE.CC0","7048","2000-01-01 00:00:00","2000-01-01 00:00:00","2018-02-10 05:43:16","1"
"591778525c869cdde0ab5a1bf283cd81","NONAME [NTFS]\\[root]\\$Recycle.Bin\\S-1-5-21-2119625379-2900472558-1849789986-1001\\$R2PXRZ8\\Browser\\TorBrowser\\Docs\\Licenses\\PluggableTransports\\LICENSE.GO","1479","2000-01-01 00:00:00","2000-01-01 00:00:00","2018-02-10 05:43:16","1"
"eae02e6403716ef09ae2dc04c4a4515a","NONAME [NTFS]\\[root]\\$Recycle.Bin\\S-1-5-21-2119625379-2900472558-1849789986-1001\\$R2PXRZ8\\Browser\\TorBrowser\\Docs\\Licenses\\PluggableTransports\\LICENSE.PYTHON","39319","2000-01-01 00:00:00","2000-01-01 00:00:00","2018-02-10 05:43:16","1"
"ab1b3615101bd7141d062c37a8af75aa","NONAME [NTFS]\\[root]\\$Recycle.Bin\\S-1-5-21-2119625379-2900472558-1849789986-1001\\$R2PXRZ8\\Browser\\TorBrowser\\Docs\\Licenses\\Tor-Launcher.txt","1480","2000-01-01 00:00:00","2000-01-01 00:00:00","2018-02-10 05:43:16","1"
"42880bac4780915cfdf2e8157b74b71b","NONAME [NTFS]\\[root]\\$Recycle.Bin\\S-1-5-21-2119625379-2900472558-1849789986-1001\\$R2PXRZ8\\Browser\\TorBrowser\\Docs\\Licenses\\Tor.txt","7719","2000-01-01 00:00:00","2000-01-01 00:00:00","2018-02-10 05:43:16","1"
"be06d43f494d9a4647157839b1e05507","NONAME [NTFS]\\[root]\\$Recycle.Bin\\S-1-5-21-2119625379-2900472558-1849789986-1001\\$R2PXRZ8\\Browser\\TorBrowser\\Docs\\Licenses\\Torbutton.txt","2306","2000-01-01 00:00:00","2000-01-01 00:00:00","2018-02-10 05:43:16","1"
"c91462931a703bfd5d262458094c9cb4","NONAME [NTFS]\\[root]\\$Recycle.Bin\\S-1-5-21-2119625379-2900472558-1849789986-1001\\$R2PXRZ8\\Browser\\TorBrowser\\Docs\\meek\\meek-client.1.txt","3293","2000-01-01 00:00:00","2000-01-01 00:00:00","2018-02-10 05:43:16","1"
"0fb4cef3df6620c101082b0513b6392e","NONAME [NTFS]\\[root]\\$Recycle.Bin\\S-1-5-21-2119625379-2900472558-1849789986-1001\\$R2PXRZ8\\Browser\\TorBrowser\\Docs\\meek\\meek-server.1.txt","1827","2000-01-01 00:00:00","2000-01-01 00:00:00","2018-02-10 05:43:16","1"
"c8580a93475368e3a3b510c0121e7548","NONAME [NTFS]\\[root]\\$Recycle.Bin\\S-1-5-21-2119625379-2900472558-1849789986-1001\\$R2PXRZ8\\Browser\\TorBrowser\\Docs\\meek\\README","3444","2000-01-01 00:00:00","2000-01-01 00:00:00","2018-02-10 05:43:16","1"
"4eb0c9352ea3b393a8e86123c193484e","NONAME [NTFS]\\[root]\\$Recycle.Bin\\S-1-5-21-2119625379-2900472558-1849789986-1001\\$R2PXRZ8\\Browser\\TorBrowser\\Docs\\Obfsproxy\\LICENSE","1519","2000-01-01 00:00:00","2000-01-01 00:00:00","2018-02-10 05:43:16","1"
"a1281e083f7d1cf03327b6f8d3e2946c","NONAME [NTFS]\\[root]\\$Recycle.Bin\\S-1-5-21-2119625379-2900472558-1849789986-1001\\$R2PXRZ8\\Browser\\TorBrowser\\Docs\\Obfsproxy\\README","317","2000-01-01 00:00:00","2000-01-01 00:00:00","2018-02-10 05:43:16","1"
"c1a6a817aa14d48f585ef7f1057412a6","NONAME [NTFS]\\[root]\\$Recycle.Bin\\S-1-5-21-2119625379-2900472558-1849789986-1001\\$R2PXRZ8\\Browser\\TorBrowser\\Tor\\$I30","4096","2018-02-10 05:43:16","2018-02-10 06:16:34","2018-02-10 06:16:34","1"
"3c20802fa7f36c8839c4f942b8d86f0d","NONAME [NTFS]\\[root]\\$Recycle.Bin\\S-1-5-21-2119625379-2900472558-1849789986-1001\\$R2PXRZ8\\Browser\\TorBrowser\\Tor\\libeay32.dll","3204768","2000-01-01 00:00:00","2000-01-01 00:00:00","2018-02-10 05:43:16","1"
"ae522c45a309dfa8f51513724a0e92ae","NONAME [NTFS]\\[root]\\$Recycle.Bin\\S-1-5-21-2119625379-2900472558-1849789986-1001\\$R2PXRZ8\\Browser\\TorBrowser\\Tor\\libevent-2-0-5.dll","717225","2000-01-01 00:00:00","2000-01-01 00:00:00","2018-02-10 05:43:16","1"
"01df19d95e56f966261f07b850e70a4e","NONAME [NTFS]\\[root]\\$Recycle.Bin\\S-1-5-21-2119625379-2900472558-1849789986-1001\\$R2PXRZ8\\Browser\\TorBrowser\\Tor\\libevent_core-2-0-5.dll","418255","2000-01-01 00:00:00","2000-01-01 00:00:00","2018-02-10 05:43:16","1"
"25045a42ce1c1b8e5ccf3ec3ce4aa95f","NONAME [NTFS]\\[root]\\$Recycle.Bin\\S-1-5-21-2119625379-2900472558-1849789986-1001\\$R2PXRZ8\\Browser\\TorBrowser\\Tor\\libevent_extra-2-0-5.dll","408865","2000-01-01 00:00:00","2000-01-01 00:00:00","2018-02-10 05:43:16","1"
"1c67fdd5b95084be91bf6f17229c01aa","NONAME [NTFS]\\[root]\\$Recycle.Bin\\S-1-5-21-2119625379-2900472558-1849789986-1001\\$R2PXRZ8\\Browser\\TorBrowser\\Tor\\libgcc_s_sjlj-1.dll","523022","2000-01-01 00:00:00","2000-01-01 00:00:00","2018-02-10 05:43:16","1"
"36783b04f6458a2aca6f8a49b90a6442","NONAME [NTFS]\\[root]\\$Recycle.Bin\\S-1-5-21-2119625379-2900472558-1849789986-1001\\$R2PXRZ8\\Browser\\TorBrowser\\Tor\\libgmp-10.dll","829355","2000-01-01 00:00:00","2000-01-01 00:00:00","2018-02-10 05:43:16","1"
"762dd637e8cc3f5a36306ed48e88088a","NONAME [NTFS]\\[root]\\$Recycle.Bin\\S-1-5-21-2119625379-2900472558-1849789986-1001\\$R2PXRZ8\\Browser\\TorBrowser\\Tor\\libssp-0.dll","93095","2000-01-01 00:00:00","2000-01-01 00:00:00","2018-02-10 05:43:17","1"
"86f7d6c70134699eb9f75bd9153a13be","NONAME [NTFS]\\[root]\\$Recycle.Bin\\S-1-5-21-2119625379-2900472558-1849789986-1001\\$R2PXRZ8\\Browser\\TorBrowser\\Tor\\PluggableTransports\\$I30","8192","2018-02-10 05:43:17","2018-02-10 06:16:34","2018-02-10 06:16:34","1"
"9efaecc7d1c897713caf717ba1cdca58","NONAME [NTFS]\\[root]\\$Recycle.Bin\\S-1-5-21-2119625379-2900472558-1849789986-1001\\$R2PXRZ8\\Browser\\TorBrowser\\Tor\\PluggableTransports\\bz2.pyd","68608","2000-01-01 00:00:00","2000-01-01 00:00:00","2018-02-10 05:43:17","1"
"809b7dd301b5113398ea8807e4f96faf","NONAME [NTFS]\\[root]\\$Recycle.Bin\\S-1-5-21-2119625379-2900472558-1849789986-1001\\$R2PXRZ8\\Browser\\TorBrowser\\Tor\\PluggableTransports\\Crypto.Cipher._AES.pyd","38400","2000-01-01 00:00:00","2000-01-01 00:00:00","2018-02-10 05:43:17","1"
"d79a88ce5ab2d8fa9bbdae2b2e537d24","NONAME [NTFS]\\[root]\\$Recycle.Bin\\S-1-5-21-2119625379-2900472558-1849789986-1001\\$R2PXRZ8\\Browser\\TorBrowser\\Tor\\PluggableTransports\\Crypto.Hash._SHA256.pyd","16384","2000-01-01 00:00:00","2000-01-01 00:00:00","2018-02-10 05:43:17","1"
"2baecaff4378907f730c1663e3ec5cd6","NONAME [NTFS]\\[root]\\$Recycle.Bin\\S-1-5-21-2119625379-2900472558-1849789986-1001\\$R2PXRZ8\\Browser\\TorBrowser\\Tor\\PluggableTransports\\Crypto.Hash._SHA512.pyd","17920","2000-01-01 00:00:00","2000-01-01 00:00:00","2018-02-10 05:43:17","1"
"e6be805b7e335769ebc4212e593f44fb","NONAME [NTFS]\\[root]\\$Recycle.Bin\\S-1-5-21-2119625379-2900472558-1849789986-1001\\$R2PXRZ8\\Browser\\TorBrowser\\Tor\\PluggableTransports\\Crypto.Random.OSRNG.winrandom.pyd","15360","2000-01-01 00:00:00","2000-01-01 00:00:00","2018-02-10 05:43:17","1"
"6dd8a0e9b7412fbac0f9a3c587934be7","NONAME [NTFS]\\[root]\\$Recycle.Bin\\S-1-5-21-2119625379-2900472558-1849789986-1001\\$R2PXRZ8\\Browser\\TorBrowser\\Tor\\PluggableTransports\\Crypto.Util.strxor.pyd","15872","2000-01-01 00:00:00","2000-01-01 00:00:00","2018-02-10 05:43:17","1"
"8abf8117a40fa396d638316ad894611a","NONAME [NTFS]\\[root]\\$Recycle.Bin\\S-1-5-21-2119625379-2900472558-1849789986-1001\\$R2PXRZ8\\Browser\\TorBrowser\\Tor\\PluggableTransports\\Crypto.Util._counter.pyd","19968","2000-01-01 00:00:00","2000-01-01 00:00:00","2018-02-10 05:43:17","1"
"8eb693c4187976f886241ab9a3f217a8","NONAME [NTFS]\\[root]\\$Recycle.Bin\\S-1-5-21-2119625379-2900472558-1849789986-1001\\$R2PXRZ8\\Browser\\TorBrowser\\Tor\\PluggableTransports\\fte.cDFA.pyd","855040","2000-01-01 00:00:00","2000-01-01 00:00:00","2018-02-10 05:43:17","1"
"4654f8b7290f305913162059fea5fe87","NONAME [NTFS]\\[root]\\$Recycle.Bin\\S-1-5-21-2119625379-2900472558-1849789986-1001\\$R2PXRZ8\\Browser\\TorBrowser\\Tor\\PluggableTransports\\fteproxy.exe","19968","2000-01-01 00:00:00","2000-01-01 00:00:00","2018-02-10 05:43:17","1"
"e481d0bacb53d8085afaf5c5d7175579","NONAME [NTFS]\\[root]\\$Recycle.Bin\\S-1-5-21-2119625379-2900472558-1849789986-1001\\$R2PXRZ8\\Browser\\TorBrowser\\Tor\\PluggableTransports\\fteproxy.zip","1867766","2000-01-01 00:00:00","2000-01-01 00:00:00","2018-02-10 05:43:17","1"
"e2d61684d52e6adcf7677a52a4c103a1","NONAME [NTFS]\\[root]\\$Recycle.Bin\\S-1-5-21-2119625379-2900472558-1849789986-1001\\$R2PXRZ8\\Browser\\TorBrowser\\Tor\\PluggableTransports\\fteproxy\\defs\\20131224.json","501","2000-01-01 00:00:00","2000-01-01 00:00:00","2018-02-10 05:43:18","1"
"3fb55b3df416d9b3abdfcfe28fa4ed55","NONAME [NTFS]\\[root]\\$Recycle.Bin\\S-1-5-21-2119625379-2900472558-1849789986-1001\\$R2PXRZ8\\Browser\\TorBrowser\\Tor\\PluggableTransports\\fteproxy\\VERSION","7","2000-01-01 00:00:00","2000-01-01 00:00:00","2018-02-10 05:43:18","1"
"f920cbc2530bf32ccdf110ecbf038059","NONAME [NTFS]\\[root]\\$Recycle.Bin\\S-1-5-21-2119625379-2900472558-1849789986-1001\\$R2PXRZ8\\Browser\\TorBrowser\\Tor\\PluggableTransports\\meek-client-torbrowser.exe","1425408","2000-01-01 00:00:00","2000-01-01 00:00:00","2018-02-10 05:43:17","1"
"ef5e74833b491a6c013eb06a34f69a8c","NONAME [NTFS]\\[root]\\$Recycle.Bin\\S-1-5-21-2119625379-2900472558-1849789986-1001\\$R2PXRZ8\\Browser\\TorBrowser\\Tor\\PluggableTransports\\meek-client.exe","3150336","2000-01-01 00:00:00","2000-01-01 00:00:00","2018-02-10 05:43:17","1"
"2aea25226ff33a77ab67979f6153b5a9","NONAME [NTFS]\\[root]\\$Recycle.Bin\\S-1-5-21-2119625379-2900472558-1849789986-1001\\$R2PXRZ8\\Browser\\TorBrowser\\Tor\\PluggableTransports\\obfs4proxy.exe","3609600","2000-01-01 00:00:00","2000-01-01 00:00:00","2018-02-10 05:43:17","1"
"50a5a4380278b8bc55a110dcf2fe9482","NONAME [NTFS]\\[root]\\$Recycle.Bin\\S-1-5-21-2119625379-2900472558-1849789986-1001\\$R2PXRZ8\\Browser\\TorBrowser\\Tor\\PluggableTransports\\obfsproxy.exe","19456","2000-01-01 00:00:00","2000-01-01 00:00:00","2018-02-10 05:43:17","1"
"91fd2ab4e099f5a712076c1a1ba9565e","NONAME [NTFS]\\[root]\\$Recycle.Bin\\S-1-5-21-2119625379-2900472558-1849789986-1001\\$R2PXRZ8\\Browser\\TorBrowser\\Tor\\PluggableTransports\\obfsproxy.zip","1763297","2000-01-01 00:00:00","2000-01-01 00:00:00","2018-02-10 05:43:17","1"
"930c327d866a06278df56b2c1a3aa175","NONAME [NTFS]\\[root]\\$Recycle.Bin\\S-1-5-21-2119625379-2900472558-1849789986-1001\\$R2PXRZ8\\Browser\\TorBrowser\\Tor\\PluggableTransports\\pyexpat.pyd","127488","2000-01-01 00:00:00","2000-01-01 00:00:00","2018-02-10 05:43:17","1"
"df1a706ed563fa3f0b48f427609708f4","NONAME [NTFS]\\[root]\\$Recycle.Bin\\S-1-5-21-2119625379-2900472558-1849789986-1001\\$R2PXRZ8\\Browser\\TorBrowser\\Tor\\PluggableTransports\\python27.dll","2448384","2000-01-01 00:00:00","2000-01-01 00:00:00","2018-02-10 05:43:17","1"
"e89195790a8e51de3932565fd7a9e395","NONAME [NTFS]\\[root]\\$Recycle.Bin\\S-1-5-21-2119625379-2900472558-1849789986-1001\\$R2PXRZ8\\Browser\\TorBrowser\\Tor\\PluggableTransports\\select.pyd","10240","2000-01-01 00:00:00","2000-01-01 00:00:00","2018-02-10 05:43:17","1"
"cad0b4e990acc51d6518c3d14df70afd","NONAME [NTFS]\\[root]\\$Recycle.Bin\\S-1-5-21-2119625379-2900472558-1849789986-1001\\$R2PXRZ8\\Browser\\TorBrowser\\Tor\\PluggableTransports\\terminateprocess-buffer.exe","1195008","2000-01-01 00:00:00","2000-01-01 00:00:00","2018-02-10 05:43:17","1"
"a386257355990be5aafb54e7a678ff27","NONAME [NTFS]\\[root]\\$Recycle.Bin\\S-1-5-21-2119625379-2900472558-1849789986-1001\\$R2PXRZ8\\Browser\\TorBrowser\\Tor\\PluggableTransports\\unicodedata.pyd","686080","2000-01-01 00:00:00","2000-01-01 00:00:00","2018-02-10 05:43:18","1"
"8efb1583a6ed572f7103195bb8c86027","NONAME [NTFS]\\[root]\\$Recycle.Bin\\S-1-5-21-2119625379-2900472558-1849789986-1001\\$R2PXRZ8\\Browser\\TorBrowser\\Tor\\PluggableTransports\\w9xpopen.exe","49664","2000-01-01 00:00:00","2000-01-01 00:00:00","2018-02-10 05:43:18","1"
"52fd960469d9c210855ab90c50411068","NONAME [NTFS]\\[root]\\$Recycle.Bin\\S-1-5-21-2119625379-2900472558-1849789986-1001\\$R2PXRZ8\\Browser\\TorBrowser\\Tor\\PluggableTransports\\zope.interface._zope_interface_coptimizations.pyd","26624","2000-01-01 00:00:00","2000-01-01 00:00:00","2018-02-10 05:43:18","1"
"d0e6bee31c7f2b0de979562ce5f6444f","NONAME [NTFS]\\[root]\\$Recycle.Bin\\S-1-5-21-2119625379-2900472558-1849789986-1001\\$R2PXRZ8\\Browser\\TorBrowser\\Tor\\PluggableTransports\\_ctypes.pyd","87552","2000-01-01 00:00:00","2000-01-01 00:00:00","2018-02-10 05:43:17","1"
"4a6f0301904cd714885ad201b6be1a89","NONAME [NTFS]\\[root]\\$Recycle.Bin\\S-1-5-21-2119625379-2900472558-1849789986-1001\\$R2PXRZ8\\Browser\\TorBrowser\\Tor\\PluggableTransports\\_hashlib.pyd","358400","2000-01-01 00:00:00","2000-01-01 00:00:00","2018-02-10 05:43:17","1"
"1644252d4128006b94573dec74383abe","NONAME [NTFS]\\[root]\\$Recycle.Bin\\S-1-5-21-2119625379-2900472558-1849789986-1001\\$R2PXRZ8\\Browser\\TorBrowser\\Tor\\PluggableTransports\\_socket.pyd","44544","2000-01-01 00:00:00","2000-01-01 00:00:00","2018-02-10 05:43:17","1"
"75ab4ec017ca4f2adcb60b4b909f5338","NONAME [NTFS]\\[root]\\$Recycle.Bin\\S-1-5-21-2119625379-2900472558-1849789986-1001\\$R2PXRZ8\\Browser\\TorBrowser\\Tor\\PluggableTransports\\_ssl.pyd","899072","2000-01-01 00:00:00","2000-01-01 00:00:00","2018-02-10 05:43:17","1"
"8ed681b5e737350b48b151968ce186ce","NONAME [NTFS]\\[root]\\$Recycle.Bin\\S-1-5-21-2119625379-2900472558-1849789986-1001\\$R2PXRZ8\\Browser\\TorBrowser\\Tor\\ssleay32.dll","713149","2000-01-01 00:00:00","2000-01-01 00:00:00","2018-02-10 05:43:17","1"
"115e0efe1bd05eff8e9fc6316cc194df","NONAME [NTFS]\\[root]\\$Recycle.Bin\\S-1-5-21-2119625379-2900472558-1849789986-1001\\$R2PXRZ8\\Browser\\TorBrowser\\Tor\\tor.exe","3614720","2000-01-01 00:00:00","2000-01-01 00:00:00","2018-02-10 05:43:17","1"
"76615cf23161037c359407127b3ea95f","NONAME [NTFS]\\[root]\\$Recycle.Bin\\S-1-5-21-2119625379-2900472558-1849789986-1001\\$R2PXRZ8\\Browser\\TorBrowser\\Tor\\zlib1.dll","107520","2000-01-01 00:00:00","2000-01-01 00:00:00","2018-02-10 05:43:17","1"
"63172eb097d40b7f5672b9e9287f1717","NONAME [NTFS]\\[root]\\$Recycle.Bin\\S-1-5-21-2119625379-2900472558-1849789986-1001\\$R2PXRZ8\\Browser\\update-settings.ini","138","2000-01-01 00:00:00","2000-01-01 00:00:00","2018-02-10 05:43:11","1"
"4653b0b7e719fa7507726a5e0773d03a","NONAME [NTFS]\\[root]\\$Recycle.Bin\\S-1-5-21-2119625379-2900472558-1849789986-1001\\$R2PXRZ8\\Browser\\updater.exe","359424","2000-01-01 00:00:00","2000-01-01 00:00:00","2018-02-10 05:43:11","1"
"c5d86abaf2caf3c56ef01756a92520ef","NONAME [NTFS]\\[root]\\$Recycle.Bin\\S-1-5-21-2119625379-2900472558-1849789986-1001\\$R2PXRZ8\\Browser\\updater.ini","1253","2000-01-01 00:00:00","2000-01-01 00:00:00","2018-02-10 05:43:11","1"
"2f0b452c269a82b924375f05b942a91f","NONAME [NTFS]\\[root]\\$Recycle.Bin\\S-1-5-21-2119625379-2900472558-1849789986-1001\\$R2PXRZ8\\Browser\\xul.dll","75672607","2000-01-01 00:00:00","2000-01-01 00:00:00","2018-02-10 05:43:11","1"
"784caec01fdea2a3924e1cd37d0c5209","NONAME [NTFS]\\[root]\\$Recycle.Bin\\S-1-5-21-2119625379-2900472558-1849789986-1001\\$R2PXRZ8\\Start Tor Browser.lnk","832","2018-02-10 05:43:19","2018-02-10 05:43:19","2018-02-10 05:43:19","1"
"17a03799b16bd19c3613b5128a842d90","NONAME [NTFS]\\[root]\\$Recycle.Bin\\S-1-5-21-2119625379-2900472558-1849789986-1001\\$RMUL95D.lnk","856","2018-02-10 05:43:23","2018-02-10 05:43:23","2018-02-10 05:43:23","1"
"45f5b921f832af01c4ca249a3b196675","NONAME [NTFS]\\[root]\\$Secure\\$SDH","131072","2018-02-10 12:54:04","2018-02-10 12:54:04","2018-02-10 12:54:04","0"
"8d51edfd9dccf6f0e814a84ebcc36c40","NONAME [NTFS]\\[root]\\$Secure\\$SDS","1369336","2018-02-10 12:54:04","2018-02-10 12:54:04","2018-02-10 12:54:04","0"
"ddfcb2564dbde92498f1c18917ca7552","NONAME [NTFS]\\[root]\\$Secure\\$SII","131072","2018-02-10 12:54:04","2018-02-10 12:54:04","2018-02-10 12:54:04","0"
"acecfb47de1736d15992ef366021538c","NONAME [NTFS]\\[root]\\pagefile.sys","1811939328","2018-02-10 04:56:05","2018-02-10 06:13:34","2018-02-10 04:56:05","0"
"debca1f7d17fd99ff1bb524693844da1","NONAME [NTFS]\\[root]\\swapfile.sys","268435456","2018-02-10 04:56:05","2018-02-10 06:13:34","2018-02-10 04:56:05","0"
"7cc3b764897aed0db5125b061a102ac4","NONAME [NTFS]\\[root]\\Users\\qub\\$I30","8192","2018-02-10 05:00:43","2018-02-10 05:16:32","2018-02-10 05:16:32","0"
"9bb93505d4421187fd04098ce857029d","NONAME [NTFS]\\[root]\\Users\\qub\\AppData\\Local\\$I30","4096","2018-02-10 05:00:43","2018-02-10 05:06:19","2018-02-10 05:06:19","0"
"d7cf88d807869955a4d93b2c635ef310","NONAME [NTFS]\\[root]\\Users\\qub\\AppData\\Local\\ConnectedDevicesPlatform\\CDPGlobalSettings.cdp","1855","2018-02-10 05:01:18","2018-02-10 06:13:51","2018-02-10 05:01:18","0"
"55c2a41a42b083694a8cd57f2b3ebb56","NONAME [NTFS]\\[root]\\Users\\qub\\AppData\\Local\\IconCache.db","9678","2018-02-10 05:03:00","2018-02-10 06:16:38","2018-02-10 05:03:00","0"
"0a182b40f530a4f018a43704d0007f0f","NONAME [NTFS]\\[root]\\Users\\qub\\AppData\\Local\\Temp\\$I30","4096","2018-02-10 05:00:43","2018-02-10 06:13:56","2018-02-10 06:13:56","0"
"3554d3f590048d0f1d607e5f8bcb21e1","NONAME [NTFS]\\[root]\\Users\\qub\\AppData\\Local\\Temp\\aria-debug-4216.log","470","2018-02-10 06:13:56","2018-02-10 06:16:38","2018-02-10 06:13:56","0"
"d624dafb2c05a3963371b80a8d66e2f9","NONAME [NTFS]\\[root]\\Users\\qub\\AppData\\Local\\Temp\\tmp-uzl.xpi","1614709","2018-02-10 06:03:54","2018-02-10 06:04:00","2018-02-10 06:03:54","0"
"560a0d0c99c77b73641cd01ff4232f3f","NONAME [NTFS]\\[root]\\Users\\qub\\AppData\\Roaming\\Microsoft\\Windows\\$I30","4096","2018-02-10 05:00:43","2018-02-10 05:01:23","2018-02-10 05:01:23","0"
"83b460a89dc8e09509ccd63e66a5f299","NONAME [NTFS]\\[root]\\Users\\qub\\AppData\\Roaming\\Microsoft\\Windows\\Recent\\CustomDestinations\\$I30","4096","2018-02-10 05:01:23","2018-02-10 06:05:32","2018-02-10 06:05:32","0"
"2d1d7c90ef0001121e45223984e62ab7","NONAME [NTFS]\\[root]\\Users\\qub\\AppData\\Roaming\\Microsoft\\Windows\\Recent\\CustomDestinations\\39730678b2e5b9fc.customDestinations-ms","5389","2018-02-10 05:57:25","2018-02-10 06:05:32","2018-02-10 06:05:32","0"
"5442be79ddae84fbc72219aee339ab55","NONAME [NTFS]\\[root]\\Users\\qub\\NTUSER.DAT","1048576","2018-02-10 05:00:43","2018-02-10 06:16:38","2018-02-10 06:16:38","0"
"93cf27e4224afd067a556e47e1036ee3","NONAME [NTFS]\\[root]\\Users\\qub\\ntuser.dat.LOG2","245760","2018-02-10 05:00:43","2018-02-10 05:00:43","2018-02-10 05:00:43","0"
