"f01076292b43391563a49aa1f6fcbb83","NONAME [NTFS]\\[root]\\$Bitmap","801568","2018-02-10 12:54:04","2018-02-10 12:54:04","2018-02-10 12:54:04","0"
"abfa5909f6a72b6ccf225283c25fcce8","NONAME [NTFS]\\[root]\\$Extend\\$ObjId\\$O","16384","2018-02-10 12:54:04","2018-02-10 12:54:04","2018-02-10 12:54:04","0"
"7c54dc73fa2ddf7811bc512da35ae1cb","NONAME [NTFS]\\[root]\\$Extend\\$RmMetadata\\$TxfLog\\$TxfLog.blf","65536","2018-02-10 12:54:04","2018-02-10 05:43:54","2018-02-10 12:54:04","0"
"ac8275248f7e596428c2ccbfbd5ac8d9","NONAME [NTFS]\\[root]\\$Extend\\$RmMetadata\\$TxfLog\\$TxfLogContainer00000000000000000001","10485760","2018-02-10 12:54:04","2018-02-10 05:43:54","2018-02-10 12:54:04","0"
"47cb95db2e3a1de6149c6b7758a67953","NONAME [NTFS]\\[root]\\$Extend\\$RmMetadata\\$TxfLog\\$TxfLogContainer00000000000000000004",\N,"0000-00-00 00:00:00","0000-00-00 00:00:00","0000-00-00 00:00:00","1"
"47cb95db2e3a1de6149c6b7758a67953","NONAME [NTFS]\\[root]\\$Extend\\$RmMetadata\\$TxfLog\\$TxfLogContainer00000000000000000004","10485760","2018-02-10 05:22:28","2018-02-10 05:22:28","2018-02-10 05:22:28","1"
"25e47169e1a4800d66d0e66354bb30c3","NONAME [NTFS]\\[root]\\$Extend\\$UsnJrnl\\$J","153761832","2018-02-10 04:56:04","2018-02-10 04:56:04","2018-02-10 04:56:04","0"
"57717ee9a6d0cddbe337ae306e6712a2","NONAME [NTFS]\\[root]\\$I30","4096","2017-09-29 05:31:43","2018-02-10 04:57:19","2018-02-10 04:57:19","0"
"bf0d755b864e19c06ab1c50c74ca159c","NONAME [NTFS]\\[root]\\$LogFile","36503552","2018-02-10 12:54:04","2018-02-10 12:54:04","2018-02-10 12:54:04","0"
"9f0e069d62cc77c9aecbf0a243703463","NONAME [NTFS]\\[root]\\$MFT","96468992","2018-02-10 12:54:04","2018-02-10 12:54:04","2018-02-10 12:54:04","0"
"0dbd5a9bebc271ac79581537c29488e7","NONAME [NTFS]\\[root]\\pagefile.sys","1811939328","2018-02-10 04:56:05","2018-02-10 05:42:28","2018-02-10 04:56:05","0"
"d610c7ddc23c2fb504ba3aa3d2e532cc","NONAME [NTFS]\\[root]\\swapfile.sys","268435456","2018-02-10 04:56:05","2018-02-10 05:42:28","2018-02-10 04:56:05","0"
"a641723e9d18db5920281d25e9e0f7d1","NONAME [NTFS]\\[root]\\Users\\qub\\$I30","8192","2018-02-10 05:00:43","2018-02-10 05:16:32","2018-02-10 05:16:32","0"
"46d1a459841612c52db16d5c52ca4378","NONAME [NTFS]\\[root]\\Users\\qub\\AppData\\Local\\$I30","4096","2018-02-10 05:00:43","2018-02-10 05:06:19","2018-02-10 05:06:19","0"
"d7cf88d807869955a4d93b2c635ef310","NONAME [NTFS]\\[root]\\Users\\qub\\AppData\\Local\\ConnectedDevicesPlatform\\CDPGlobalSettings.cdp","1855","2018-02-10 05:01:18","2018-02-10 05:42:47","2018-02-10 05:01:18","0"
"485c16a4563b2b8a31225f6be4344350","NONAME [NTFS]\\[root]\\Users\\qub\\AppData\\Local\\IconCache.db","9514","2018-02-10 05:03:00","2018-02-10 05:43:53","2018-02-10 05:03:00","0"
"a52199b1e3f103728ca8c928801a1c0a","NONAME [NTFS]\\[root]\\Users\\qub\\AppData\\Local\\Temp\\$I30","4096","2018-02-10 05:00:43","2018-02-10 05:43:31","2018-02-10 05:43:31","0"
"a6b51a766812ebbfaf6b6bf21c4ea127","NONAME [NTFS]\\[root]\\Users\\qub\\AppData\\Local\\Temp\\aria-debug-3944.log","470","2018-02-10 05:42:52","2018-02-10 05:42:52","2018-02-10 05:42:52","0"
"040de41794d810302f79847ab035793e","NONAME [NTFS]\\[root]\\Users\\qub\\AppData\\Roaming\\Microsoft\\Windows\\$I30","4096","2018-02-10 05:00:43","2018-02-10 05:01:23","2018-02-10 05:01:23","0"
"17a03799b16bd19c3613b5128a842d90","NONAME [NTFS]\\[root]\\Users\\qub\\Desktop\\Start Tor Browser.lnk","856","2018-02-10 05:43:23","2018-02-10 05:43:23","2018-02-10 05:43:23","0"
"4932cb5d860ae155043a2c313746a0bf","NONAME [NTFS]\\[root]\\Users\\qub\\Desktop\\Tor Browser\\Browser\\$I30","8192","2018-02-10 05:43:10","2018-02-10 05:43:19","2018-02-10 05:43:19","0"
"8b4b4d2a83fc3a166e83f5545471ee7c","NONAME [NTFS]\\[root]\\Users\\qub\\Desktop\\Tor Browser\\Browser\\Accessible.tlb","2828","2000-01-01 00:00:00","2000-01-01 00:00:00","2018-02-10 05:43:10","0"
"e0323a99e2357180eef233c6e6e84b0e","NONAME [NTFS]\\[root]\\Users\\qub\\Desktop\\Tor Browser\\Browser\\AccessibleMarshal.dll","23552","2000-01-01 00:00:00","2000-01-01 00:00:00","2018-02-10 05:43:10","0"
"3e700e6bb5d3f2021a3e4998aa3b2087","NONAME [NTFS]\\[root]\\Users\\qub\\Desktop\\Tor Browser\\Browser\\application.ini","440","2000-01-01 00:00:00","2000-01-01 00:00:00","2018-02-10 05:43:10","0"
"839df553d29db8fcd38def07d99db92a","NONAME [NTFS]\\[root]\\Users\\qub\\Desktop\\Tor Browser\\Browser\\browser\\$I30","4096","2018-02-10 05:43:18","2018-02-10 05:43:19","2018-02-10 05:43:19","0"
"fb0b5b6668d6441474b79b6c82c506ec","NONAME [NTFS]\\[root]\\Users\\qub\\Desktop\\Tor Browser\\Browser\\browser\\blocklist.xml","291796","2000-01-01 00:00:00","2000-01-01 00:00:00","2018-02-10 05:43:18","0"
"d41d8cd98f00b204e9800998ecf8427e","NONAME [NTFS]\\[root]\\Users\\qub\\Desktop\\Tor Browser\\Browser\\browser\\chrome.manifest","0","2000-01-01 00:00:00","2000-01-01 00:00:00","2018-02-10 05:43:18","0"
"b525f712d72923d2c40abba59a38e02d","NONAME [NTFS]\\[root]\\Users\\qub\\Desktop\\Tor Browser\\Browser\\browser\\extensions\\{972ce4c6-7e08-4474-a285-3208198ce6fd}.xpi","4695","2000-01-01 00:00:00","2000-01-01 00:00:00","2018-02-10 05:43:19","0"
"ea25d13495bf1c3ac03c5f5a2634eb5b","NONAME [NTFS]\\[root]\\Users\\qub\\Desktop\\Tor Browser\\Browser\\browser\\features\\e10srollout@mozilla.org.xpi","3588","2000-01-01 00:00:00","2000-01-01 00:00:00","2018-02-10 05:43:19","0"
"899db263769e80d70426366bc3771c1d","NONAME [NTFS]\\[root]\\Users\\qub\\Desktop\\Tor Browser\\Browser\\browser\\omni.ja","12781516","2000-01-01 00:00:00","2000-01-01 00:00:00","2018-02-10 05:43:18","0"
"cecbd15ddc45706a7cc5d42a124b79d2","NONAME [NTFS]\\[root]\\Users\\qub\\Desktop\\Tor Browser\\Browser\\browser\\VisualElements\\VisualElements_150.png","36640","2000-01-01 00:00:00","2000-01-01 00:00:00","2018-02-10 05:43:19","0"
"a30f2fd1fb57f45c2df6001607e15d07","NONAME [NTFS]\\[root]\\Users\\qub\\Desktop\\Tor Browser\\Browser\\browser\\VisualElements\\VisualElements_70.png","12083","2000-01-01 00:00:00","2000-01-01 00:00:00","2018-02-10 05:43:19","0"
"d41d8cd98f00b204e9800998ecf8427e","NONAME [NTFS]\\[root]\\Users\\qub\\Desktop\\Tor Browser\\Browser\\chrome.manifest","0","2000-01-01 00:00:00","2000-01-01 00:00:00","2018-02-10 05:43:10","0"
"c13b7ffae99396fdbcba2f8eb6c90826","NONAME [NTFS]\\[root]\\Users\\qub\\Desktop\\Tor Browser\\Browser\\defaults\\pref\\channel-prefs.js","245","2000-01-01 00:00:00","2000-01-01 00:00:00","2018-02-10 05:43:19","0"
"464cc43d8b0c71f8689cad60d642b69a","NONAME [NTFS]\\[root]\\Users\\qub\\Desktop\\Tor Browser\\Browser\\dependentlibs.list","42","2000-01-01 00:00:00","2000-01-01 00:00:00","2018-02-10 05:43:10","0"
"de7d2fb2a926fd13f49b784f9272cd65","NONAME [NTFS]\\[root]\\Users\\qub\\Desktop\\Tor Browser\\Browser\\dictionaries\\en-US.aff","3074","2000-01-01 00:00:00","2000-01-01 00:00:00","2018-02-10 05:43:19","0"
"3e2b987ef017c150d1ab4ad47057e908","NONAME [NTFS]\\[root]\\Users\\qub\\Desktop\\Tor Browser\\Browser\\dictionaries\\en-US.dic","576688","2000-01-01 00:00:00","2000-01-01 00:00:00","2018-02-10 05:43:19","0"
"de59514620e51f934469af2d91e9d2b6","NONAME [NTFS]\\[root]\\Users\\qub\\Desktop\\Tor Browser\\Browser\\firefox.exe","1360896","2000-01-01 00:00:00","2000-01-01 00:00:00","2018-02-10 05:43:10","0"
"9fb39992ae10135a55fb4b73613819fd","NONAME [NTFS]\\[root]\\Users\\qub\\Desktop\\Tor Browser\\Browser\\firefox.VisualElementsManifest.xml","344","2000-01-01 00:00:00","2000-01-01 00:00:00","2018-02-10 05:43:10","0"
"4dc9536a06f03e624310561e8d519246","NONAME [NTFS]\\[root]\\Users\\qub\\Desktop\\Tor Browser\\Browser\\fonts\\$I30","4096","2018-02-10 05:43:19","2018-02-10 05:43:19","2018-02-10 05:43:19","0"
"b0a43a838944f6a95ed1682328134667","NONAME [NTFS]\\[root]\\Users\\qub\\Desktop\\Tor Browser\\Browser\\fonts\\EmojiOneMozilla.ttf","1227260","2000-01-01 00:00:00","2000-01-01 00:00:00","2018-02-10 05:43:19","0"
"f1165158457f9857f481dc2ff20dfb11","NONAME [NTFS]\\[root]\\Users\\qub\\Desktop\\Tor Browser\\Browser\\fonts\\NotoSansBuginese-Regular.ttf","7060","2000-01-01 00:00:00","2000-01-01 00:00:00","2018-02-10 05:43:19","0"
"1dda5eccfbd74284c9c2d99d462c0ff0","NONAME [NTFS]\\[root]\\Users\\qub\\Desktop\\Tor Browser\\Browser\\fonts\\NotoSansKhmer-Regular.ttf","48648","2000-01-01 00:00:00","2000-01-01 00:00:00","2018-02-10 05:43:19","0"
"8dec8eb73f625f21a674b2a20bc6e638","NONAME [NTFS]\\[root]\\Users\\qub\\Desktop\\Tor Browser\\Browser\\fonts\\NotoSansLao-Regular.ttf","42056","2000-01-01 00:00:00","2000-01-01 00:00:00","2018-02-10 05:43:19","0"
"ed58ee35ce0ddbde550dde4efbbbe411","NONAME [NTFS]\\[root]\\Users\\qub\\Desktop\\Tor Browser\\Browser\\fonts\\NotoSansMyanmar-Regular.ttf","153036","2000-01-01 00:00:00","2000-01-01 00:00:00","2018-02-10 05:43:19","0"
"980daec5dc17fb520d70cfed23065dfb","NONAME [NTFS]\\[root]\\Users\\qub\\Desktop\\Tor Browser\\Browser\\fonts\\NotoSansYi-Regular.ttf","120936","2000-01-01 00:00:00","2000-01-01 00:00:00","2018-02-10 05:43:19","0"
"3506f58d13c6b9bf86117e8b29191444","NONAME [NTFS]\\[root]\\Users\\qub\\Desktop\\Tor Browser\\Browser\\freebl3.dll","430080","2000-01-01 00:00:00","2000-01-01 00:00:00","2018-02-10 05:43:10","0"
"df5e59358ccd4966b8eb668177fb8f99","NONAME [NTFS]\\[root]\\Users\\qub\\Desktop\\Tor Browser\\Browser\\IA2Marshal.dll","72704","2000-01-01 00:00:00","2000-01-01 00:00:00","2018-02-10 05:43:10","0"
"00df13b8f03e61458a7372acfea80168","NONAME [NTFS]\\[root]\\Users\\qub\\Desktop\\Tor Browser\\Browser\\lgpllibs.dll","200704","2000-01-01 00:00:00","2000-01-01 00:00:00","2018-02-10 05:43:10","0"
"b8e2ccb949f7fd822f7a3539efeef981","NONAME [NTFS]\\[root]\\Users\\qub\\Desktop\\Tor Browser\\Browser\\libEGL.dll","3313152","2000-01-01 00:00:00","2000-01-01 00:00:00","2018-02-10 05:43:10","0"
"f851c16029e178a7b08cdc6d9de66a8f","NONAME [NTFS]\\[root]\\Users\\qub\\Desktop\\Tor Browser\\Browser\\libGLESv2.dll","3499520","2000-01-01 00:00:00","2000-01-01 00:00:00","2018-02-10 05:43:10","0"
"762dd637e8cc3f5a36306ed48e88088a","NONAME [NTFS]\\[root]\\Users\\qub\\Desktop\\Tor Browser\\Browser\\libssp-0.dll","93095","2000-01-01 00:00:00","2000-01-01 00:00:00","2018-02-10 05:43:10","0"
"2bbfcfffed573e1752c869b03f8f8709","NONAME [NTFS]\\[root]\\Users\\qub\\Desktop\\Tor Browser\\Browser\\mozavcodec.dll","1943552","2000-01-01 00:00:00","2000-01-01 00:00:00","2018-02-10 05:43:10","0"
"0e59475b2bb8183e27ab4bb8969b9a9a","NONAME [NTFS]\\[root]\\Users\\qub\\Desktop\\Tor Browser\\Browser\\mozavutil.dll","198144","2000-01-01 00:00:00","2000-01-01 00:00:00","2018-02-10 05:43:10","0"
"2ba091602f55334db6493ab8e9abca28","NONAME [NTFS]\\[root]\\Users\\qub\\Desktop\\Tor Browser\\Browser\\mozglue.dll","890880","2000-01-01 00:00:00","2000-01-01 00:00:00","2018-02-10 05:43:10","0"
"0e37fbfa79d349d672456923ec5fbbe3","NONAME [NTFS]\\[root]\\Users\\qub\\Desktop\\Tor Browser\\Browser\\msvcr100.dll","773968","2000-01-01 00:00:00","2000-01-01 00:00:00","2018-02-10 05:43:10","0"
"4d54c10bed8cd3a082e35f253261aa41","NONAME [NTFS]\\[root]\\Users\\qub\\Desktop\\Tor Browser\\Browser\\nss3.dll","1538560","2000-01-01 00:00:00","2000-01-01 00:00:00","2018-02-10 05:43:10","0"
"34bb956227ee4160cc3a8eec1623d97b","NONAME [NTFS]\\[root]\\Users\\qub\\Desktop\\Tor Browser\\Browser\\nssckbi.dll","440832","2000-01-01 00:00:00","2000-01-01 00:00:00","2018-02-10 05:43:11","0"
"289888411359ec85d0f2f671035525f4","NONAME [NTFS]\\[root]\\Users\\qub\\Desktop\\Tor Browser\\Browser\\nssdbm3.dll","139776","2000-01-01 00:00:00","2000-01-01 00:00:00","2018-02-10 05:43:11","0"
"c6c9ae94d7ebfdcba0fd88573cd13cb6","NONAME [NTFS]\\[root]\\Users\\qub\\Desktop\\Tor Browser\\Browser\\omni.ja","5938093","2000-01-01 00:00:00","2000-01-01 00:00:00","2018-02-10 05:43:11","0"
"af324f15c8d3fb97dc1b045831ef0dde","NONAME [NTFS]\\[root]\\Users\\qub\\Desktop\\Tor Browser\\Browser\\platform.ini","48","2000-01-01 00:00:00","2000-01-01 00:00:00","2018-02-10 05:43:11","0"
"d11c288ffa4d044872f4696ede71f6d4","NONAME [NTFS]\\[root]\\Users\\qub\\Desktop\\Tor Browser\\Browser\\plugin-container.exe","1137664","2000-01-01 00:00:00","2000-01-01 00:00:00","2018-02-10 05:43:11","0"
"22df35d5afcb8d918ecb17c60436ca73","NONAME [NTFS]\\[root]\\Users\\qub\\Desktop\\Tor Browser\\Browser\\plugin-hang-ui.exe","807936","2000-01-01 00:00:00","2000-01-01 00:00:00","2018-02-10 05:43:11","0"
"0a227b487f5e6694e013624c969ca99f","NONAME [NTFS]\\[root]\\Users\\qub\\Desktop\\Tor Browser\\Browser\\precomplete","1281","2000-01-01 00:00:00","2000-01-01 00:00:00","2018-02-10 05:43:11","0"
"306e01d1d80d6e0cbbec8995f010f90f","NONAME [NTFS]\\[root]\\Users\\qub\\Desktop\\Tor Browser\\Browser\\qipcap.dll","12288","2000-01-01 00:00:00","2000-01-01 00:00:00","2018-02-10 05:43:11","0"
"8ce40bb668bb61c0adde694043acde35","NONAME [NTFS]\\[root]\\Users\\qub\\Desktop\\Tor Browser\\Browser\\removed-files","646","2000-01-01 00:00:00","2000-01-01 00:00:00","2018-02-10 05:43:11","0"
"f488d149d430ddfb8a415dcecfa66e8d","NONAME [NTFS]\\[root]\\Users\\qub\\Desktop\\Tor Browser\\Browser\\softokn3.dll","202240","2000-01-01 00:00:00","2000-01-01 00:00:00","2018-02-10 05:43:11","0"
"75e38e98393236ee5e3f8ffd1eadf76b","NONAME [NTFS]\\[root]\\Users\\qub\\Desktop\\Tor Browser\\Browser\\TorBrowser\\Data\\Browser\\Caches\\profile.default\\startupCache\\startupCache.4.little","1435888","2018-02-10 05:43:36","2018-02-10 05:43:37","2018-02-10 05:43:36","0"
"cbfd1393deb51dfe8951bc88cd257d09","NONAME [NTFS]\\[root]\\Users\\qub\\Desktop\\Tor Browser\\Browser\\TorBrowser\\Data\\Browser\\profile.default\\$I30","8192","2018-02-10 05:43:16","2018-02-10 05:43:36","2018-02-10 05:43:36","0"
"fb0b5b6668d6441474b79b6c82c506ec","NONAME [NTFS]\\[root]\\Users\\qub\\Desktop\\Tor Browser\\Browser\\TorBrowser\\Data\\Browser\\profile.default\\blocklist.xml","291796","2018-02-10 05:43:24","2000-01-01 00:00:00","2018-02-10 05:43:24","0"
"dd375b4c680d03f5470bea18040cf3a1","NONAME [NTFS]\\[root]\\Users\\qub\\Desktop\\Tor Browser\\Browser\\TorBrowser\\Data\\Browser\\profile.default\\bookmarks.html","3863","2000-01-01 00:00:00","2000-01-01 00:00:00","2018-02-10 05:43:16","0"
"a1ea062d94eb0317ddffb72052261937","NONAME [NTFS]\\[root]\\Users\\qub\\Desktop\\Tor Browser\\Browser\\TorBrowser\\Data\\Browser\\profile.default\\browser-extension-data\\https-everywhere-eff@eff.org\\storage.js","45","2018-02-10 05:43:29","2018-02-10 05:43:29","2018-02-10 05:43:29","0"
"cf0b5bbf5d33b1a77d9091cf5b3147de","NONAME [NTFS]\\[root]\\Users\\qub\\Desktop\\Tor Browser\\Browser\\TorBrowser\\Data\\Browser\\profile.default\\browser-extension-data\\{73a6fe31-595d-460b-a920-fcc0f8843232}\\storage.js","279","2018-02-10 05:43:29","2018-02-10 05:43:29","2018-02-10 05:43:29","0"
"52884a19210650af0ee0c03f0d7ce230","NONAME [NTFS]\\[root]\\Users\\qub\\Desktop\\Tor Browser\\Browser\\TorBrowser\\Data\\Browser\\profile.default\\compatibility.ini","232","2018-02-10 05:43:23","2018-02-10 05:43:23","2018-02-10 05:43:23","0"
"5f7d9fb0e509a259f23290c84f637426","NONAME [NTFS]\\[root]\\Users\\qub\\Desktop\\Tor Browser\\Browser\\TorBrowser\\Data\\Browser\\profile.default\\extensions.ini","456","2018-02-10 05:43:27","2018-02-10 05:43:27","2018-02-10 05:43:27","0"
"69e5a6caf84d7f2e11dc87ea614b0f48","NONAME [NTFS]\\[root]\\Users\\qub\\Desktop\\Tor Browser\\Browser\\TorBrowser\\Data\\Browser\\profile.default\\extensions.json","61731","2018-02-10 05:43:27","2018-02-10 05:43:29","2018-02-10 05:43:29","0"
"d41d8cd98f00b204e9800998ecf8427e","NONAME [NTFS]\\[root]\\Users\\qub\\Desktop\\Tor Browser\\Browser\\TorBrowser\\Data\\Browser\\profile.default\\extensions.sqlite","0","2018-02-10 05:43:24","2018-02-10 05:43:24","2018-02-10 05:43:24","0"
"f167e195894e2ff3c9f6258c659c7f1d","NONAME [NTFS]\\[root]\\Users\\qub\\Desktop\\Tor Browser\\Browser\\TorBrowser\\Data\\Browser\\profile.default\\extensions\\$I30","4096","2018-02-10 05:43:16","2018-02-10 05:43:16","2018-02-10 05:43:16","0"
"920a376467fe7b202d63cbdc2a0b3e68","NONAME [NTFS]\\[root]\\Users\\qub\\Desktop\\Tor Browser\\Browser\\TorBrowser\\Data\\Browser\\profile.default\\extensions\\https-everywhere-eff@eff.org.xpi","1612399","2000-01-01 00:00:00","2000-01-01 00:00:00","2018-02-10 05:43:16","0"
"b20a550847786d182a2163240dfb019f","NONAME [NTFS]\\[root]\\Users\\qub\\Desktop\\Tor Browser\\Browser\\TorBrowser\\Data\\Browser\\profile.default\\extensions\\tor-launcher@torproject.org.xpi","586007","2000-01-01 00:00:00","2000-01-01 00:00:00","2018-02-10 05:43:16","0"
"1c17e5bd5e2853e4ed63ea161b9e57dc","NONAME [NTFS]\\[root]\\Users\\qub\\Desktop\\Tor Browser\\Browser\\TorBrowser\\Data\\Browser\\profile.default\\extensions\\torbutton@torproject.org.xpi","914636","2000-01-01 00:00:00","2000-01-01 00:00:00","2018-02-10 05:43:16","0"
"e3c414803b556f44b88ddd45ef6b7f03","NONAME [NTFS]\\[root]\\Users\\qub\\Desktop\\Tor Browser\\Browser\\TorBrowser\\Data\\Browser\\profile.default\\extensions\\{73a6fe31-595d-460b-a920-fcc0f8843232}.xpi","777274","2000-01-01 00:00:00","2000-01-01 00:00:00","2018-02-10 05:43:16","0"
"d41d8cd98f00b204e9800998ecf8427e","NONAME [NTFS]\\[root]\\Users\\qub\\Desktop\\Tor Browser\\Browser\\TorBrowser\\Data\\Browser\\profile.default\\parent.lock","0","2018-02-10 05:43:23","2018-02-10 05:43:23","2018-02-10 05:43:23","0"
"c0ecbb3ae46948fd9ea7ed19ed178941","NONAME [NTFS]\\[root]\\Users\\qub\\Desktop\\Tor Browser\\Browser\\TorBrowser\\Data\\Browser\\profile.default\\preferences\\extension-overrides.js","10164","2000-01-01 00:00:00","2000-01-01 00:00:00","2018-02-10 05:43:16","0"
"69aaf05383c29e44975688da0a7c4e1d","NONAME [NTFS]\\[root]\\Users\\qub\\Desktop\\Tor Browser\\Browser\\TorBrowser\\Data\\Browser\\profile.default\\prefs.js","5934","2018-02-10 05:43:27","2018-02-10 05:43:36","2018-02-10 05:43:36","0"
"d41d8cd98f00b204e9800998ecf8427e","NONAME [NTFS]\\[root]\\Users\\qub\\Desktop\\Tor Browser\\Browser\\TorBrowser\\Data\\Browser\\profile.default\\SecurityPreloadState.txt","0","2018-02-10 05:43:36","2018-02-10 05:43:36","2018-02-10 05:43:36","0"
"37d1ee159831a1f3ce49e85468effab9","NONAME [NTFS]\\[root]\\Users\\qub\\Desktop\\Tor Browser\\Browser\\TorBrowser\\Data\\Browser\\profile.default\\sessionCheckpoints.json","180","2018-02-10 05:43:36","2018-02-10 05:43:36","2018-02-10 05:43:36","0"
"d41d8cd98f00b204e9800998ecf8427e","NONAME [NTFS]\\[root]\\Users\\qub\\Desktop\\Tor Browser\\Browser\\TorBrowser\\Data\\Browser\\profile.default\\SiteSecurityServiceState.txt","0","2018-02-10 05:43:36","2018-02-10 05:43:36","2018-02-10 05:43:36","0"
"0eea20790eeb061b1e464cc2eb86342f","NONAME [NTFS]\\[root]\\Users\\qub\\Desktop\\Tor Browser\\Browser\\TorBrowser\\Data\\Browser\\profile.default\\storage-sync.sqlite","131072","2018-02-10 05:43:29","2018-02-10 05:43:29","2018-02-10 05:43:29","0"
"c4ca4238a0b923820dcc509a6f75849b","NONAME [NTFS]\\[root]\\Users\\qub\\Desktop\\Tor Browser\\Browser\\TorBrowser\\Data\\Browser\\profile.default\\Telemetry.FailedProfileLocks.txt","1","2018-02-10 05:43:29","2018-02-10 05:43:29","2018-02-10 05:43:29","0"
"a317f50756ddf7bf1f8605b5fd4b42c3","NONAME [NTFS]\\[root]\\Users\\qub\\Desktop\\Tor Browser\\Browser\\TorBrowser\\Data\\Browser\\profile.default\\times.json","24","2018-02-10 05:43:29","2018-02-10 05:43:30","2018-02-10 05:43:29","0"
"2b759bd900df9cad51ca47e8bdf53476","NONAME [NTFS]\\[root]\\Users\\qub\\Desktop\\Tor Browser\\Browser\\TorBrowser\\Data\\Browser\\profile.default\\webappsstore.sqlite","98304","2018-02-10 05:43:30","2018-02-10 05:43:36","2018-02-10 05:43:30","0"
"cdbb81a41f02cfe8b0b9f7feb28c41dd","NONAME [NTFS]\\[root]\\Users\\qub\\Desktop\\Tor Browser\\Browser\\TorBrowser\\Data\\Browser\\profile.default\\xulstore.json","113","2018-02-10 05:43:36","2018-02-10 05:43:36","2018-02-10 05:43:36","0"
"e06bc7f13b919493adb83e682ee41321","NONAME [NTFS]\\[root]\\Users\\qub\\Desktop\\Tor Browser\\Browser\\TorBrowser\\Data\\Browser\\profile.meek-http-helper\\extensions\\meek-http-helper@bamsoftware.com.xpi","7137","2000-01-01 00:00:00","2000-01-01 00:00:00","2018-02-10 05:43:16","0"
"5dba7ca4c28fdff5860cf56cc5ec3172","NONAME [NTFS]\\[root]\\Users\\qub\\Desktop\\Tor Browser\\Browser\\TorBrowser\\Data\\Browser\\profile.meek-http-helper\\user.js","2158","2000-01-01 00:00:00","2000-01-01 00:00:00","2018-02-10 05:43:16","0"
"5b0cb2afa381416690d2b48a5534fe41","NONAME [NTFS]\\[root]\\Users\\qub\\Desktop\\Tor Browser\\Browser\\TorBrowser\\Data\\Browser\\profiles.ini","103","2000-01-01 00:00:00","2000-01-01 00:00:00","2018-02-10 05:43:16","0"
"70b114fa37a5fbf6c6aba37bc6dc909d","NONAME [NTFS]\\[root]\\Users\\qub\\Desktop\\Tor Browser\\Browser\\TorBrowser\\Data\\Tor\\$I30","4096","2018-02-10 05:43:16","2018-02-10 05:43:36","2018-02-10 05:43:36","0"
"a2a05d96531d5f1ed13ffd5b7752308c","NONAME [NTFS]\\[root]\\Users\\qub\\Desktop\\Tor Browser\\Browser\\TorBrowser\\Data\\Tor\\control_auth_cookie","32","2018-02-10 05:43:28","2018-02-10 05:43:28","2018-02-10 05:43:28","0"
"b5286d93ce134d53ec3b4850eb65ecce","NONAME [NTFS]\\[root]\\Users\\qub\\Desktop\\Tor Browser\\Browser\\TorBrowser\\Data\\Tor\\geoip","3558205","2000-01-01 00:00:00","2000-01-01 00:00:00","2018-02-10 05:43:16","0"
"f349a8c1cdd6b4aa4224b875867e86bd","NONAME [NTFS]\\[root]\\Users\\qub\\Desktop\\Tor Browser\\Browser\\TorBrowser\\Data\\Tor\\geoip6","2309195","2000-01-01 00:00:00","2000-01-01 00:00:00","2018-02-10 05:43:16","0"
"d41d8cd98f00b204e9800998ecf8427e","NONAME [NTFS]\\[root]\\Users\\qub\\Desktop\\Tor Browser\\Browser\\TorBrowser\\Data\\Tor\\lock","0","2018-02-10 05:43:28","2018-02-10 05:43:28","2018-02-10 05:43:28","0"
"a8afa0e485cdbecd901534dddc1ef41e","NONAME [NTFS]\\[root]\\Users\\qub\\Desktop\\Tor Browser\\Browser\\TorBrowser\\Data\\Tor\\state","198","2018-02-10 05:43:28","2018-02-10 05:43:36","2018-02-10 05:43:36","0"
"d41d8cd98f00b204e9800998ecf8427e","NONAME [NTFS]\\[root]\\Users\\qub\\Desktop\\Tor Browser\\Browser\\TorBrowser\\Data\\Tor\\torrc","0","2000-01-01 00:00:00","2000-01-01 00:00:00","2018-02-10 05:43:16","0"
"e2cec9074166c136b64b3821235e57b9","NONAME [NTFS]\\[root]\\Users\\qub\\Desktop\\Tor Browser\\Browser\\TorBrowser\\Data\\Tor\\torrc-defaults","1017","2000-01-01 00:00:00","2000-01-01 00:00:00","2018-02-10 05:43:16","0"
"f93857a7e975a61be781430d1e966f20","NONAME [NTFS]\\[root]\\Users\\qub\\Desktop\\Tor Browser\\Browser\\TorBrowser\\Docs\\$I30","4096","2018-02-10 05:43:16","2018-02-10 05:43:16","2018-02-10 05:43:16","0"
"2a6efb7dd9f621d50eb427042f692b6c","NONAME [NTFS]\\[root]\\Users\\qub\\Desktop\\Tor Browser\\Browser\\TorBrowser\\Docs\\ChangeLog.txt","148644","2000-01-01 00:00:00","2000-01-01 00:00:00","2018-02-10 05:43:16","0"
"6c4db32a2fa8717faffa1d4f10136f47","NONAME [NTFS]\\[root]\\Users\\qub\\Desktop\\Tor Browser\\Browser\\TorBrowser\\Docs\\fteproxy\\COPYING","11323","2000-01-01 00:00:00","2000-01-01 00:00:00","2018-02-10 05:43:16","0"
"d8af61aac3736504a3d43af43a303434","NONAME [NTFS]\\[root]\\Users\\qub\\Desktop\\Tor Browser\\Browser\\TorBrowser\\Docs\\fteproxy\\README.md","1876","2000-01-01 00:00:00","2000-01-01 00:00:00","2018-02-10 05:43:16","0"
"6c4db32a2fa8717faffa1d4f10136f47","NONAME [NTFS]\\[root]\\Users\\qub\\Desktop\\Tor Browser\\Browser\\TorBrowser\\Docs\\libfte\\LICENSE","11323","2000-01-01 00:00:00","2000-01-01 00:00:00","2018-02-10 05:43:16","0"
"d41d8cd98f00b204e9800998ecf8427e","NONAME [NTFS]\\[root]\\Users\\qub\\Desktop\\Tor Browser\\Browser\\TorBrowser\\Docs\\libfte\\LICENSE.re2","0","2000-01-01 00:00:00","2000-01-01 00:00:00","2018-02-10 05:43:16","0"
"b54a83294ece9d6fb456d2b16e0e3945","NONAME [NTFS]\\[root]\\Users\\qub\\Desktop\\Tor Browser\\Browser\\TorBrowser\\Docs\\libfte\\README.md","2157","2000-01-01 00:00:00","2000-01-01 00:00:00","2018-02-10 05:43:16","0"
"94b14b44e5bce05a9523128b4e55cab1","NONAME [NTFS]\\[root]\\Users\\qub\\Desktop\\Tor Browser\\Browser\\TorBrowser\\Docs\\Licenses\\$I30","4096","2018-02-10 05:43:16","2018-02-10 05:43:16","2018-02-10 05:43:16","0"
"815ca599c9df247a0c7f619bab123dad","NONAME [NTFS]\\[root]\\Users\\qub\\Desktop\\Tor Browser\\Browser\\TorBrowser\\Docs\\Licenses\\Firefox.txt","16726","2000-01-01 00:00:00","2000-01-01 00:00:00","2018-02-10 05:43:16","0"
"524c55c2af5dbefb7eacadec87edee97","NONAME [NTFS]\\[root]\\Users\\qub\\Desktop\\Tor Browser\\Browser\\TorBrowser\\Docs\\Licenses\\HTTPS-Everywhere.txt","1871","2000-01-01 00:00:00","2000-01-01 00:00:00","2018-02-10 05:43:16","0"
"fdafc691aa5fb7f8e2a9e9521fef771b","NONAME [NTFS]\\[root]\\Users\\qub\\Desktop\\Tor Browser\\Browser\\TorBrowser\\Docs\\Licenses\\NoScript.txt","18349","2000-01-01 00:00:00","2000-01-01 00:00:00","2018-02-10 05:43:16","0"
"55719faa0112708e946b820b24b14097","NONAME [NTFS]\\[root]\\Users\\qub\\Desktop\\Tor Browser\\Browser\\TorBrowser\\Docs\\Licenses\\Noto-CJK-Font.txt","4301","2000-01-01 00:00:00","2000-01-01 00:00:00","2018-02-10 05:43:16","0"
"86d3f3a95c324c9479bd8986968f4327","NONAME [NTFS]\\[root]\\Users\\qub\\Desktop\\Tor Browser\\Browser\\TorBrowser\\Docs\\Licenses\\Noto-Fonts.txt","11357","2000-01-01 00:00:00","2000-01-01 00:00:00","2018-02-10 05:43:16","0"
"37695ff36086a2f41ad1f52a0ad32fec","NONAME [NTFS]\\[root]\\Users\\qub\\Desktop\\Tor Browser\\Browser\\TorBrowser\\Docs\\Licenses\\PluggableTransports\\LICENSE","21280","2000-01-01 00:00:00","2000-01-01 00:00:00","2018-02-10 05:43:16","0"
"65d3616852dbf7b1a6d4b53b00626032","NONAME [NTFS]\\[root]\\Users\\qub\\Desktop\\Tor Browser\\Browser\\TorBrowser\\Docs\\Licenses\\PluggableTransports\\LICENSE.CC0","7048","2000-01-01 00:00:00","2000-01-01 00:00:00","2018-02-10 05:43:16","0"
"591778525c869cdde0ab5a1bf283cd81","NONAME [NTFS]\\[root]\\Users\\qub\\Desktop\\Tor Browser\\Browser\\TorBrowser\\Docs\\Licenses\\PluggableTransports\\LICENSE.GO","1479","2000-01-01 00:00:00","2000-01-01 00:00:00","2018-02-10 05:43:16","0"
"eae02e6403716ef09ae2dc04c4a4515a","NONAME [NTFS]\\[root]\\Users\\qub\\Desktop\\Tor Browser\\Browser\\TorBrowser\\Docs\\Licenses\\PluggableTransports\\LICENSE.PYTHON","39319","2000-01-01 00:00:00","2000-01-01 00:00:00","2018-02-10 05:43:16","0"
"ab1b3615101bd7141d062c37a8af75aa","NONAME [NTFS]\\[root]\\Users\\qub\\Desktop\\Tor Browser\\Browser\\TorBrowser\\Docs\\Licenses\\Tor-Launcher.txt","1480","2000-01-01 00:00:00","2000-01-01 00:00:00","2018-02-10 05:43:16","0"
"42880bac4780915cfdf2e8157b74b71b","NONAME [NTFS]\\[root]\\Users\\qub\\Desktop\\Tor Browser\\Browser\\TorBrowser\\Docs\\Licenses\\Tor.txt","7719","2000-01-01 00:00:00","2000-01-01 00:00:00","2018-02-10 05:43:16","0"
"be06d43f494d9a4647157839b1e05507","NONAME [NTFS]\\[root]\\Users\\qub\\Desktop\\Tor Browser\\Browser\\TorBrowser\\Docs\\Licenses\\Torbutton.txt","2306","2000-01-01 00:00:00","2000-01-01 00:00:00","2018-02-10 05:43:16","0"
"c91462931a703bfd5d262458094c9cb4","NONAME [NTFS]\\[root]\\Users\\qub\\Desktop\\Tor Browser\\Browser\\TorBrowser\\Docs\\meek\\meek-client.1.txt","3293","2000-01-01 00:00:00","2000-01-01 00:00:00","2018-02-10 05:43:16","0"
"0fb4cef3df6620c101082b0513b6392e","NONAME [NTFS]\\[root]\\Users\\qub\\Desktop\\Tor Browser\\Browser\\TorBrowser\\Docs\\meek\\meek-server.1.txt","1827","2000-01-01 00:00:00","2000-01-01 00:00:00","2018-02-10 05:43:16","0"
"c8580a93475368e3a3b510c0121e7548","NONAME [NTFS]\\[root]\\Users\\qub\\Desktop\\Tor Browser\\Browser\\TorBrowser\\Docs\\meek\\README","3444","2000-01-01 00:00:00","2000-01-01 00:00:00","2018-02-10 05:43:16","0"
"4eb0c9352ea3b393a8e86123c193484e","NONAME [NTFS]\\[root]\\Users\\qub\\Desktop\\Tor Browser\\Browser\\TorBrowser\\Docs\\Obfsproxy\\LICENSE","1519","2000-01-01 00:00:00","2000-01-01 00:00:00","2018-02-10 05:43:16","0"
"a1281e083f7d1cf03327b6f8d3e2946c","NONAME [NTFS]\\[root]\\Users\\qub\\Desktop\\Tor Browser\\Browser\\TorBrowser\\Docs\\Obfsproxy\\README","317","2000-01-01 00:00:00","2000-01-01 00:00:00","2018-02-10 05:43:16","0"
"39b9c23ef259c8050c64f20f18c63f54","NONAME [NTFS]\\[root]\\Users\\qub\\Desktop\\Tor Browser\\Browser\\TorBrowser\\Tor\\$I30","4096","2018-02-10 05:43:16","2018-02-10 05:43:17","2018-02-10 05:43:17","0"
"3c20802fa7f36c8839c4f942b8d86f0d","NONAME [NTFS]\\[root]\\Users\\qub\\Desktop\\Tor Browser\\Browser\\TorBrowser\\Tor\\libeay32.dll","3204768","2000-01-01 00:00:00","2000-01-01 00:00:00","2018-02-10 05:43:16","0"
"ae522c45a309dfa8f51513724a0e92ae","NONAME [NTFS]\\[root]\\Users\\qub\\Desktop\\Tor Browser\\Browser\\TorBrowser\\Tor\\libevent-2-0-5.dll","717225","2000-01-01 00:00:00","2000-01-01 00:00:00","2018-02-10 05:43:16","0"
"01df19d95e56f966261f07b850e70a4e","NONAME [NTFS]\\[root]\\Users\\qub\\Desktop\\Tor Browser\\Browser\\TorBrowser\\Tor\\libevent_core-2-0-5.dll","418255","2000-01-01 00:00:00","2000-01-01 00:00:00","2018-02-10 05:43:16","0"
"25045a42ce1c1b8e5ccf3ec3ce4aa95f","NONAME [NTFS]\\[root]\\Users\\qub\\Desktop\\Tor Browser\\Browser\\TorBrowser\\Tor\\libevent_extra-2-0-5.dll","408865","2000-01-01 00:00:00","2000-01-01 00:00:00","2018-02-10 05:43:16","0"
"1c67fdd5b95084be91bf6f17229c01aa","NONAME [NTFS]\\[root]\\Users\\qub\\Desktop\\Tor Browser\\Browser\\TorBrowser\\Tor\\libgcc_s_sjlj-1.dll","523022","2000-01-01 00:00:00","2000-01-01 00:00:00","2018-02-10 05:43:16","0"
"36783b04f6458a2aca6f8a49b90a6442","NONAME [NTFS]\\[root]\\Users\\qub\\Desktop\\Tor Browser\\Browser\\TorBrowser\\Tor\\libgmp-10.dll","829355","2000-01-01 00:00:00","2000-01-01 00:00:00","2018-02-10 05:43:16","0"
"762dd637e8cc3f5a36306ed48e88088a","NONAME [NTFS]\\[root]\\Users\\qub\\Desktop\\Tor Browser\\Browser\\TorBrowser\\Tor\\libssp-0.dll","93095","2000-01-01 00:00:00","2000-01-01 00:00:00","2018-02-10 05:43:17","0"
"be22583ee8890c311467f5e457cd53e6","NONAME [NTFS]\\[root]\\Users\\qub\\Desktop\\Tor Browser\\Browser\\TorBrowser\\Tor\\PluggableTransports\\$I30","8192","2018-02-10 05:43:17","2018-02-10 05:43:18","2018-02-10 05:43:18","0"
"9efaecc7d1c897713caf717ba1cdca58","NONAME [NTFS]\\[root]\\Users\\qub\\Desktop\\Tor Browser\\Browser\\TorBrowser\\Tor\\PluggableTransports\\bz2.pyd","68608","2000-01-01 00:00:00","2000-01-01 00:00:00","2018-02-10 05:43:17","0"
"809b7dd301b5113398ea8807e4f96faf","NONAME [NTFS]\\[root]\\Users\\qub\\Desktop\\Tor Browser\\Browser\\TorBrowser\\Tor\\PluggableTransports\\Crypto.Cipher._AES.pyd","38400","2000-01-01 00:00:00","2000-01-01 00:00:00","2018-02-10 05:43:17","0"
"d79a88ce5ab2d8fa9bbdae2b2e537d24","NONAME [NTFS]\\[root]\\Users\\qub\\Desktop\\Tor Browser\\Browser\\TorBrowser\\Tor\\PluggableTransports\\Crypto.Hash._SHA256.pyd","16384","2000-01-01 00:00:00","2000-01-01 00:00:00","2018-02-10 05:43:17","0"
"2baecaff4378907f730c1663e3ec5cd6","NONAME [NTFS]\\[root]\\Users\\qub\\Desktop\\Tor Browser\\Browser\\TorBrowser\\Tor\\PluggableTransports\\Crypto.Hash._SHA512.pyd","17920","2000-01-01 00:00:00","2000-01-01 00:00:00","2018-02-10 05:43:17","0"
"e6be805b7e335769ebc4212e593f44fb","NONAME [NTFS]\\[root]\\Users\\qub\\Desktop\\Tor Browser\\Browser\\TorBrowser\\Tor\\PluggableTransports\\Crypto.Random.OSRNG.winrandom.pyd","15360","2000-01-01 00:00:00","2000-01-01 00:00:00","2018-02-10 05:43:17","0"
"6dd8a0e9b7412fbac0f9a3c587934be7","NONAME [NTFS]\\[root]\\Users\\qub\\Desktop\\Tor Browser\\Browser\\TorBrowser\\Tor\\PluggableTransports\\Crypto.Util.strxor.pyd","15872","2000-01-01 00:00:00","2000-01-01 00:00:00","2018-02-10 05:43:17","0"
"8abf8117a40fa396d638316ad894611a","NONAME [NTFS]\\[root]\\Users\\qub\\Desktop\\Tor Browser\\Browser\\TorBrowser\\Tor\\PluggableTransports\\Crypto.Util._counter.pyd","19968","2000-01-01 00:00:00","2000-01-01 00:00:00","2018-02-10 05:43:17","0"
"8eb693c4187976f886241ab9a3f217a8","NONAME [NTFS]\\[root]\\Users\\qub\\Desktop\\Tor Browser\\Browser\\TorBrowser\\Tor\\PluggableTransports\\fte.cDFA.pyd","855040","2000-01-01 00:00:00","2000-01-01 00:00:00","2018-02-10 05:43:17","0"
"4654f8b7290f305913162059fea5fe87","NONAME [NTFS]\\[root]\\Users\\qub\\Desktop\\Tor Browser\\Browser\\TorBrowser\\Tor\\PluggableTransports\\fteproxy.exe","19968","2000-01-01 00:00:00","2000-01-01 00:00:00","2018-02-10 05:43:17","0"
"e481d0bacb53d8085afaf5c5d7175579","NONAME [NTFS]\\[root]\\Users\\qub\\Desktop\\Tor Browser\\Browser\\TorBrowser\\Tor\\PluggableTransports\\fteproxy.zip","1867766","2000-01-01 00:00:00","2000-01-01 00:00:00","2018-02-10 05:43:17","0"
"e2d61684d52e6adcf7677a52a4c103a1","NONAME [NTFS]\\[root]\\Users\\qub\\Desktop\\Tor Browser\\Browser\\TorBrowser\\Tor\\PluggableTransports\\fteproxy\\defs\\20131224.json","501","2000-01-01 00:00:00","2000-01-01 00:00:00","2018-02-10 05:43:18","0"
"3fb55b3df416d9b3abdfcfe28fa4ed55","NONAME [NTFS]\\[root]\\Users\\qub\\Desktop\\Tor Browser\\Browser\\TorBrowser\\Tor\\PluggableTransports\\fteproxy\\VERSION","7","2000-01-01 00:00:00","2000-01-01 00:00:00","2018-02-10 05:43:18","0"
"f920cbc2530bf32ccdf110ecbf038059","NONAME [NTFS]\\[root]\\Users\\qub\\Desktop\\Tor Browser\\Browser\\TorBrowser\\Tor\\PluggableTransports\\meek-client-torbrowser.exe","1425408","2000-01-01 00:00:00","2000-01-01 00:00:00","2018-02-10 05:43:17","0"
"ef5e74833b491a6c013eb06a34f69a8c","NONAME [NTFS]\\[root]\\Users\\qub\\Desktop\\Tor Browser\\Browser\\TorBrowser\\Tor\\PluggableTransports\\meek-client.exe","3150336","2000-01-01 00:00:00","2000-01-01 00:00:00","2018-02-10 05:43:17","0"
"2aea25226ff33a77ab67979f6153b5a9","NONAME [NTFS]\\[root]\\Users\\qub\\Desktop\\Tor Browser\\Browser\\TorBrowser\\Tor\\PluggableTransports\\obfs4proxy.exe","3609600","2000-01-01 00:00:00","2000-01-01 00:00:00","2018-02-10 05:43:17","0"
"50a5a4380278b8bc55a110dcf2fe9482","NONAME [NTFS]\\[root]\\Users\\qub\\Desktop\\Tor Browser\\Browser\\TorBrowser\\Tor\\PluggableTransports\\obfsproxy.exe","19456","2000-01-01 00:00:00","2000-01-01 00:00:00","2018-02-10 05:43:17","0"
"91fd2ab4e099f5a712076c1a1ba9565e","NONAME [NTFS]\\[root]\\Users\\qub\\Desktop\\Tor Browser\\Browser\\TorBrowser\\Tor\\PluggableTransports\\obfsproxy.zip","1763297","2000-01-01 00:00:00","2000-01-01 00:00:00","2018-02-10 05:43:17","0"
"930c327d866a06278df56b2c1a3aa175","NONAME [NTFS]\\[root]\\Users\\qub\\Desktop\\Tor Browser\\Browser\\TorBrowser\\Tor\\PluggableTransports\\pyexpat.pyd","127488","2000-01-01 00:00:00","2000-01-01 00:00:00","2018-02-10 05:43:17","0"
"df1a706ed563fa3f0b48f427609708f4","NONAME [NTFS]\\[root]\\Users\\qub\\Desktop\\Tor Browser\\Browser\\TorBrowser\\Tor\\PluggableTransports\\python27.dll","2448384","2000-01-01 00:00:00","2000-01-01 00:00:00","2018-02-10 05:43:17","0"
"e89195790a8e51de3932565fd7a9e395","NONAME [NTFS]\\[root]\\Users\\qub\\Desktop\\Tor Browser\\Browser\\TorBrowser\\Tor\\PluggableTransports\\select.pyd","10240","2000-01-01 00:00:00","2000-01-01 00:00:00","2018-02-10 05:43:17","0"
"cad0b4e990acc51d6518c3d14df70afd","NONAME [NTFS]\\[root]\\Users\\qub\\Desktop\\Tor Browser\\Browser\\TorBrowser\\Tor\\PluggableTransports\\terminateprocess-buffer.exe","1195008","2000-01-01 00:00:00","2000-01-01 00:00:00","2018-02-10 05:43:17","0"
"a386257355990be5aafb54e7a678ff27","NONAME [NTFS]\\[root]\\Users\\qub\\Desktop\\Tor Browser\\Browser\\TorBrowser\\Tor\\PluggableTransports\\unicodedata.pyd","686080","2000-01-01 00:00:00","2000-01-01 00:00:00","2018-02-10 05:43:18","0"
"8efb1583a6ed572f7103195bb8c86027","NONAME [NTFS]\\[root]\\Users\\qub\\Desktop\\Tor Browser\\Browser\\TorBrowser\\Tor\\PluggableTransports\\w9xpopen.exe","49664","2000-01-01 00:00:00","2000-01-01 00:00:00","2018-02-10 05:43:18","0"
"52fd960469d9c210855ab90c50411068","NONAME [NTFS]\\[root]\\Users\\qub\\Desktop\\Tor Browser\\Browser\\TorBrowser\\Tor\\PluggableTransports\\zope.interface._zope_interface_coptimizations.pyd","26624","2000-01-01 00:00:00","2000-01-01 00:00:00","2018-02-10 05:43:18","0"
"d0e6bee31c7f2b0de979562ce5f6444f","NONAME [NTFS]\\[root]\\Users\\qub\\Desktop\\Tor Browser\\Browser\\TorBrowser\\Tor\\PluggableTransports\\_ctypes.pyd","87552","2000-01-01 00:00:00","2000-01-01 00:00:00","2018-02-10 05:43:17","0"
"4a6f0301904cd714885ad201b6be1a89","NONAME [NTFS]\\[root]\\Users\\qub\\Desktop\\Tor Browser\\Browser\\TorBrowser\\Tor\\PluggableTransports\\_hashlib.pyd","358400","2000-01-01 00:00:00","2000-01-01 00:00:00","2018-02-10 05:43:17","0"
"1644252d4128006b94573dec74383abe","NONAME [NTFS]\\[root]\\Users\\qub\\Desktop\\Tor Browser\\Browser\\TorBrowser\\Tor\\PluggableTransports\\_socket.pyd","44544","2000-01-01 00:00:00","2000-01-01 00:00:00","2018-02-10 05:43:17","0"
"75ab4ec017ca4f2adcb60b4b909f5338","NONAME [NTFS]\\[root]\\Users\\qub\\Desktop\\Tor Browser\\Browser\\TorBrowser\\Tor\\PluggableTransports\\_ssl.pyd","899072","2000-01-01 00:00:00","2000-01-01 00:00:00","2018-02-10 05:43:17","0"
"8ed681b5e737350b48b151968ce186ce","NONAME [NTFS]\\[root]\\Users\\qub\\Desktop\\Tor Browser\\Browser\\TorBrowser\\Tor\\ssleay32.dll","713149","2000-01-01 00:00:00","2000-01-01 00:00:00","2018-02-10 05:43:17","0"
"115e0efe1bd05eff8e9fc6316cc194df","NONAME [NTFS]\\[root]\\Users\\qub\\Desktop\\Tor Browser\\Browser\\TorBrowser\\Tor\\tor.exe","3614720","2000-01-01 00:00:00","2000-01-01 00:00:00","2018-02-10 05:43:17","0"
"76615cf23161037c359407127b3ea95f","NONAME [NTFS]\\[root]\\Users\\qub\\Desktop\\Tor Browser\\Browser\\TorBrowser\\Tor\\zlib1.dll","107520","2000-01-01 00:00:00","2000-01-01 00:00:00","2018-02-10 05:43:17","0"
"63172eb097d40b7f5672b9e9287f1717","NONAME [NTFS]\\[root]\\Users\\qub\\Desktop\\Tor Browser\\Browser\\update-settings.ini","138","2000-01-01 00:00:00","2000-01-01 00:00:00","2018-02-10 05:43:11","0"
"4653b0b7e719fa7507726a5e0773d03a","NONAME [NTFS]\\[root]\\Users\\qub\\Desktop\\Tor Browser\\Browser\\updater.exe","359424","2000-01-01 00:00:00","2000-01-01 00:00:00","2018-02-10 05:43:11","0"
"c5d86abaf2caf3c56ef01756a92520ef","NONAME [NTFS]\\[root]\\Users\\qub\\Desktop\\Tor Browser\\Browser\\updater.ini","1253","2000-01-01 00:00:00","2000-01-01 00:00:00","2018-02-10 05:43:11","0"
"2f0b452c269a82b924375f05b942a91f","NONAME [NTFS]\\[root]\\Users\\qub\\Desktop\\Tor Browser\\Browser\\xul.dll","75672607","2000-01-01 00:00:00","2000-01-01 00:00:00","2018-02-10 05:43:11","0"
"784caec01fdea2a3924e1cd37d0c5209","NONAME [NTFS]\\[root]\\Users\\qub\\Desktop\\Tor Browser\\Start Tor Browser.lnk","832","2018-02-10 05:43:19","2018-02-10 05:43:19","2018-02-10 05:43:19","0"
"a095fa35b515cbfe6a008297bf67b971","NONAME [NTFS]\\[root]\\Users\\qub\\NTUSER.DAT","1048576","2018-02-10 05:00:43","2018-02-10 05:43:53","2018-02-10 05:43:53","0"
